date,days,close,date2,Volume,Open,High,Low,
1,1,43.4,3-Jan-17,29507470,$42.97 ,$44.07 ,$42.19 ,42738
2,2,45.4,4-Jan-17,56022800,$42.95 ,$45.60 ,$42.86 ,42739
3,3,45.35,5-Jan-17,29544635,$45.28 ,$45.50 ,$44.39 ,42740
4,4,45.8,6-Jan-17,27620765,$45.39 ,$46.06 ,$45.09 ,42741
5,5,46.26,9-Jan-17,19863580,$45.79 ,$46.38 ,$45.60 ,42744
6,6,45.97,10-Jan-17,18294905,$46.40 ,$46.40 ,$45.38 ,42745
7,7,45.95,11-Jan-17,18249550,$45.81 ,$46.00 ,$45.34 ,42746
8,8,45.92,12-Jan-17,18937735,$45.81 ,$46.14 ,$45.12 ,42747
9,9,47.55,13-Jan-17,30428050,$46 ,$47.57 ,$45.92 ,42748
10,10,47.12,17-Jan-17,23073655,$47.34 ,$47.99 ,$46.87 ,42752
11,11,47.67,18-Jan-17,18836360,$47.33 ,$47.94 ,$47.12 ,42753
12,12,48.75,19-Jan-17,38586220,$49.45 ,$49.74 ,$48.15 ,42754
13,13,48.95,20-Jan-17,20998600,$49.09 ,$49.20 ,$48.60 ,42755
14,14,49.78,23-Jan-17,31310485,$49.17 ,$50.18 ,$49.10 ,42758
15,15,50.92,24-Jan-17,24790720,$50 ,$50.96 ,$49.93 ,42759
16,16,50.89,25-Jan-17,25726505,$51.46 ,$51.69 ,$50.36 ,42760
17,17,50.5,26-Jan-17,15718585,$50.86 ,$51.15 ,$50.15 ,42761
18,18,50.59,27-Jan-17,15808870,$50.28 ,$50.60 ,$49.70 ,42762
19,19,50.13,30-Jan-17,18993190,$50.51 ,$51.06 ,$49.42 ,42765
20,20,50.39,31-Jan-17,20560065,$49.85 ,$51.18 ,$49.54 ,42766
21,21,49.85,1-Feb-17,19765525,$50.61 ,$50.64 ,$49.81 ,42767
22,22,50.31,2-Feb-17,12493995,$49.67 ,$50.48 ,$49.54 ,42768
23,23,50.27,3-Feb-17,10926150,$50.38 ,$50.44 ,$49.94 ,42769
24,24,51.55,6-Feb-17,17788000,$50.20 ,$51.56 ,$50.13 ,42772
25,25,51.5,7-Feb-17,21220315,$51.64 ,$52 ,$51.28 ,42773
26,26,52.42,8-Feb-17,19562140,$51.47 ,$52.67 ,$51.24 ,42774
27,27,53.84,9-Feb-17,39063000,$53.25 ,$54.24 ,$53.23 ,42775
28,28,53.85,10-Feb-17,18091680,$53.96 ,$54.19 ,$53.22 ,42776
29,29,56.12,13-Feb-17,35115360,$54.15 ,$56.16 ,$54.10 ,42779
30,30,56.2,14-Feb-17,36707250,$55.81 ,$57.48 ,$55.72 ,42780
31,31,55.95,15-Feb-17,24719395,$56 ,$56.45 ,$55.29 ,42781
32,32,53.79,16-Feb-17,35319300,$55.52 ,$56 ,$53.70 ,42782
33,33,54.45,17-Feb-17,31257345,$53.16 ,$54.58 ,$52.83 ,42783
34,34,55.48,21-Feb-17,28237875,$55.09 ,$56.28 ,$54.80 ,42787
35,35,54.7,22-Feb-17,42689055,$56.06 ,$56.69 ,$54.52 ,42788
36,36,51.2,23-Feb-17,74385450,$52.80 ,$52.93 ,$51.11 ,42789
37,37,51.4,24-Feb-17,40834345,$50.53 ,$51.65 ,$50.04 ,42790
38,38,49.25,27-Feb-17,57250800,$49.63 ,$49.67 ,$48.40 ,42793
39,39,50,28-Feb-17,30369450,$48.84 ,$50.20 ,$48.78 ,42794
40,40,50,1-Mar-17,24024815,$50.84 ,$50.97 ,$49.82 ,42795
41,41,50.1,2-Mar-17,16728755,$49.94 ,$50.66 ,$49.65 ,42796
42,42,50.31,3-Mar-17,14627405,$50.15 ,$50.38 ,$49.80 ,42797
43,43,50.24,6-Mar-17,16768005,$49.58 ,$50.34 ,$49.50 ,42800
44,44,49.72,7-Mar-17,17262935,$50.38 ,$50.78 ,$49.66 ,42801
45,45,49.37,8-Mar-17,18633730,$49.40 ,$50.01 ,$49.06 ,42802
46,46,48.98,9-Mar-17,19382470,$49.53 ,$49.73 ,$48.60 ,42803
47,47,48.74,10-Mar-17,15313925,$49.24 ,$49.30 ,$48.60 ,42804
48,48,49.23,13-Mar-17,15056400,$48.96 ,$49.37 ,$48.56 ,42807
49,49,51.6,14-Mar-17,37908595,$49.22 ,$51.62 ,$49.20 ,42808
50,50,51.15,15-Mar-17,26166825,$51.40 ,$52.20 ,$50.85 ,42809
51,51,52.41,16-Mar-17,35635900,$52.48 ,$53.15 ,$51.81 ,42810
52,52,52.3,17-Mar-17,32455090,$52.80 ,$53.07 ,$52.24 ,42811
53,53,52.38,20-Mar-17,18008080,$52.12 ,$52.91 ,$51.76 ,42814
54,54,50.14,21-Mar-17,34507775,$52.57 ,$52.96 ,$50.05 ,42815
55,55,51,22-Mar-17,20283675,$50.31 ,$51.01 ,$50.10 ,42816
56,56,50.96,23-Mar-17,16549220,$51.08 ,$51.53 ,$50.66 ,42817
57,57,52.63,24-Mar-17,28188340,$51.14 ,$52.78 ,$51.00 ,42818
58,58,54.04,27-Mar-17,31106805,$52.12 ,$54.11 ,$51.95 ,42821
59,59,55.49,28-Mar-17,39893325,$55.40 ,$56.14 ,$55 ,42822
60,60,55.48,29-Mar-17,18362630,$55.67 ,$55.92 ,$55.11 ,42823
61,61,55.58,30-Mar-17,20707185,$55.61 ,$56.40 ,$55.44 ,42824
62,62,55.66,31-Mar-17,16468490,$55.75 ,$55.94 ,$55.26 ,42825
63,63,59.7,3-Apr-17,69324250,$57.38 ,$59.80 ,$56.92 ,42828
64,64,60.74,4-Apr-17,50541150,$59.38 ,$60.96 ,$58.91 ,42829
65,65,59,5-Apr-17,39292825,$60.41 ,$60.98 ,$58.84 ,42830
66,66,59.74,6-Apr-17,27588655,$59.38 ,$60.39 ,$58.82 ,42831
67,67,60.51,7-Apr-17,22833160,$59.50 ,$60.54 ,$59.43 ,42832
68,68,62.48,10-Apr-17,38268115,$61.83 ,$62.75 ,$61.74 ,42835
69,69,61.74,11-Apr-17,28590265,$62.68 ,$62.69 ,$61.10 ,42836
70,70,59.37,12-Apr-17,30218240,$61.27 ,$61.69 ,$59.26 ,42837
71,71,60.8,13-Apr-17,46378410,$59.34 ,$61.48 ,$59.06 ,42838
72,72,60.29,17-Apr-17,20640335,$60.54 ,$60.80 ,$59.74 ,42842
73,73,60.05,18-Apr-17,15171125,$59.94 ,$60.17 ,$59.58 ,42843
74,74,61.1,19-Apr-17,19455725,$60.49 ,$61.32 ,$60.42 ,42844
75,75,60.5,20-Apr-17,30729805,$61.30 ,$61.83 ,$60.05 ,42845
76,76,61.12,21-Apr-17,22509790,$60.40 ,$61.28 ,$60.08 ,42846
77,77,61.61,24-Apr-17,25388855,$61.84 ,$62.11 ,$61.20 ,42849
78,78,62.76,25-Apr-17,33670810,$61.60 ,$62.80 ,$61.17 ,42850
79,79,62.03,26-Apr-17,23415655,$62.47 ,$62.90 ,$61.80 ,42851
80,80,61.73,27-Apr-17,17313315,$62.34 ,$62.62 ,$61.50 ,42852
81,81,62.81,28-Apr-17,22483295,$61.97 ,$62.96 ,$61.60 ,42853
82,82,64.57,1-May-17,44099440,$62.98 ,$65.45 ,$62.96 ,42856
83,83,63.78,2-May-17,26582755,$64.80 ,$65.53 ,$63.31 ,42857
84,84,62.2,3-May-17,34396295,$63.53 ,$64.31 ,$62.09 ,42858
85,85,59.09,4-May-17,70679950,$61.49 ,$61.55 ,$58.15 ,42859
86,86,61.67,5-May-17,40587245,$59.60 ,$61.71 ,$59.36 ,42860
87,87,61.44,8-May-17,35014535,$62.18 ,$62.76 ,$61.16 ,42863
88,88,64.25,9-May-17,48316870,$61.88 ,$64.40 ,$61.82 ,42864
89,89,65.04,10-May-17,28672620,$64.31 ,$65.10 ,$63.62 ,42865
90,90,64.62,11-May-17,23735860,$64.68 ,$65.20 ,$63.92 ,42866
91,91,64.96,12-May-17,20593065,$65.10 ,$65.40 ,$64.31 ,42867
92,92,63.18,15-May-17,38034270,$63.68 ,$64.04 ,$62.51 ,42870
93,93,63.4,16-May-17,20705330,$63.52 ,$64.01 ,$63.03 ,42871
94,94,61.22,17-May-17,33478285,$62.88 ,$62.93 ,$61.10 ,42872
95,95,62.61,18-May-17,28045765,$61.40 ,$62.79 ,$61.06 ,42873
96,96,62.17,19-May-17,23272900,$63.10 ,$63.30 ,$62.04 ,42874
97,97,62.07,22-May-17,21621525,$62.56 ,$62.87 ,$61.36 ,42877
98,98,60.77,23-May-17,21571335,$62.09 ,$62.15 ,$60.70 ,42878
99,99,62.04,24-May-17,25175960,$61.30 ,$62.20 ,$61.08 ,42879
100,100,63.37,25-May-17,25002160,$62.20 ,$63.39 ,$61.56 ,42880
101,101,65.03,26-May-17,38965045,$63.46 ,$65.10 ,$63.26 ,42881
102,102,67.02,30-May-17,38857680,$65.20 ,$67.26 ,$65.15 ,42885
103,103,68.2,31-May-17,49687780,$67.54 ,$68.58 ,$67.03 ,42886
104,104,68.07,1-Jun-17,38008820,$68.80 ,$68.98 ,$67.46 ,42887
105,105,67.97,2-Jun-17,27919760,$67.95 ,$68.58 ,$67.19 ,42888
106,106,69.46,5-Jun-17,33845870,$67.70 ,$69.69 ,$66.84 ,42891
107,107,70.57,6-Jun-17,55159600,$68.94 ,$71.90 ,$67.99 ,42892
108,108,71.93,7-Jun-17,46743460,$71.27 ,$72.10 ,$71.03 ,42893
109,109,74,8-Jun-17,45143385,$72.75 ,$74.38 ,$72.04 ,42894
110,110,71.46,9-Jun-17,86250300,$74.88 ,$75.37 ,$70.96 ,42895
111,111,71.8,12-Jun-17,52539300,$71.60 ,$72.90 ,$70.12 ,42898
112,112,75.19,13-Jun-17,58866850,$73.52 ,$75.20 ,$73.32 ,42899
113,113,76.13,14-Jun-17,63892400,$76.22 ,$76.85 ,$75.26 ,42900
114,114,75.07,15-Jun-17,52063250,$74.50 ,$75.09 ,$73.30 ,42901
115,115,74.28,16-Jun-17,31737250,$75.60 ,$75.60 ,$74.02 ,42902
116,116,73.96,19-Jun-17,32167170,$75 ,$75.34 ,$73.56 ,42905
117,117,74.45,20-Jun-17,37095550,$75.33 ,$75.78 ,$73.95 ,42906
118,118,75.28,21-Jun-17,24583850,$74.87 ,$75.40 ,$73.60 ,42907
119,119,76.52,22-Jun-17,37552030,$75.60 ,$77 ,$74.71 ,42908
120,120,76.69,23-Jun-17,32125900,$76.49 ,$77.40 ,$75.87 ,42909
121,121,75.5,26-Jun-17,32984270,$77.34 ,$77.39 ,$74.62 ,42912
122,122,72.47,27-Jun-17,34887470,$75.28 ,$75.28 ,$72.40 ,42913
123,123,74.25,28-Jun-17,31451615,$73.34 ,$74.35 ,$72.50 ,42914
124,124,72.15,29-Jun-17,41012315,$74.12 ,$74.20 ,$70.82 ,42915
125,125,72.32,30-Jun-17,29115230,$72.74 ,$73.35 ,$71.92 ,42916
126,126,70.52,3-Jul-17,31527005,$74.05 ,$74.27 ,$70.30 ,42919
127,127,65.42,5-Jul-17,84991500,$69.44 ,$69.45 ,$65.27 ,42921
128,128,61.77,6-Jul-17,96290200,$63.45 ,$64.16 ,$61.26 ,42922
129,129,62.64,7-Jul-17,70649750,$62.70 ,$63.40 ,$61.48 ,42923
130,130,63.21,10-Jul-17,68801450,$62.58 ,$63.59 ,$60.63 ,42926
131,131,65.44,11-Jul-17,57633800,$63.20 ,$65.46 ,$62.86 ,42927
132,132,65.9,12-Jul-17,51586200,$66.08 ,$66.62 ,$64.90 ,42928
133,133,64.68,13-Jul-17,42911575,$66.02 ,$66.32 ,$63.99 ,42929
134,134,65.56,14-Jul-17,28039620,$64.64 ,$65.68 ,$64.24 ,42930
135,135,63.91,17-Jul-17,49137530,$65.11 ,$65.42 ,$62.69 ,42933
136,136,65.65,18-Jul-17,31803550,$63.50 ,$65.83 ,$63.13 ,42934
137,137,65.05,19-Jul-17,31729420,$65.65 ,$66.33 ,$64.64 ,42935
138,138,65.98,20-Jul-17,25712580,$65.38 ,$66.04 ,$64.84 ,42936
139,139,65.68,21-Jul-17,24358540,$65.89 ,$66.25 ,$65.16 ,42937
140,140,68.5,24-Jul-17,42991460,$66.05 ,$68.68 ,$66.00 ,42940
141,141,67.92,25-Jul-17,34889660,$69 ,$69.12 ,$66.83 ,42941
142,142,68.77,26-Jul-17,24047570,$68.07 ,$69.10 ,$67.62 ,42942
143,143,66.89,27-Jul-17,41429395,$69.20 ,$69.50 ,$65.26 ,42943
144,144,67.01,28-Jul-17,24349455,$67.38 ,$67.92 ,$66.50 ,42944
145,145,64.69,31-Jul-17,42627270,$67.10 ,$68.30 ,$64.21 ,42947
146,146,63.91,1-Aug-17,41424985,$64.60 ,$64.89 ,$63.23 ,42948
147,147,65.18,2-Aug-17,59711750,$63.79 ,$65.42 ,$62.24 ,42949
148,148,69.42,3-Aug-17,67621350,$69.07 ,$70 ,$68.63 ,42950
149,149,71.38,4-Aug-17,46166475,$69.40 ,$71.45 ,$68.66 ,42951
150,150,71.03,7-Aug-17,31546655,$71.47 ,$71.90 ,$70.55 ,42954
151,151,73.04,8-Aug-17,37159190,$71.51 ,$73.72 ,$71.48 ,42955
152,152,72.71,9-Aug-17,34405910,$72.20 ,$74 ,$71.79 ,42956
153,153,71.08,10-Aug-17,35315270,$72.32 ,$73.33 ,$70.93 ,42957
154,154,71.57,11-Aug-17,21787810,$71.39 ,$72.25 ,$70.72 ,42958
155,155,72.76,14-Aug-17,22539845,$72.93 ,$73.53 ,$72.52 ,42961
156,156,72.47,15-Aug-17,15423005,$73.04 ,$73.10 ,$71.87 ,42962
157,157,72.58,16-Aug-17,17030865,$72.60 ,$73.30 ,$72.50 ,42963
158,158,70.38,17-Aug-17,25054125,$72.24 ,$72.66 ,$70.32 ,42964
159,159,69.49,18-Aug-17,26954025,$70.58 ,$70.80 ,$69.16 ,42965
160,160,67.57,21-Aug-17,32449250,$69.16 ,$69.16 ,$66.37 ,42968
161,161,68.27,22-Aug-17,21571340,$68.23 ,$68.45 ,$67.47 ,42969
162,162,70.55,23-Aug-17,24709735,$67.80 ,$70.70 ,$67.66 ,42970
163,163,70.59,24-Aug-17,22857870,$70.50 ,$71.33 ,$69.95 ,42971
164,164,69.61,25-Aug-17,17375930,$70.85 ,$71.14 ,$69.46 ,42972
165,165,69.13,28-Aug-17,18731200,$69.46 ,$69.47 ,$67.94 ,42975
166,166,69.47,29-Aug-17,20346515,$67.90 ,$69.81 ,$67.75 ,42976
167,167,70.64,30-Aug-17,17020825,$69.93 ,$70.69 ,$69.40 ,42977
168,168,71.18,31-Aug-17,20316650,$70.71 ,$71.69 ,$70.56 ,42978
169,169,71.08,1-Sep-17,15242750,$71.22 ,$71.52 ,$70.74 ,42979
170,170,69.92,5-Sep-17,19182010,$70.76 ,$71.10 ,$69.18 ,42983
171,171,68.91,6-Sep-17,20410005,$69.90 ,$70.20 ,$68.31 ,42984
172,172,70.12,7-Sep-17,21175225,$69.20 ,$70.50 ,$68.69 ,42985
173,173,68.68,8-Sep-17,16306665,$69.80 ,$69.96 ,$68.46 ,42986
174,174,72.74,11-Sep-17,38255000,$70.27 ,$72.74 ,$70 ,42989
175,175,72.55,12-Sep-17,29831020,$72.90 ,$73.75 ,$72.08 ,42990
176,176,73.25,13-Sep-17,20855925,$72.76 ,$73.61 ,$71.92 ,42991
177,177,75.53,14-Sep-17,35851315,$72.87 ,$75.59 ,$72.53 ,42992
178,178,75.96,15-Sep-17,27036135,$74.90 ,$76 ,$74.54 ,42993
179,179,77,18-Sep-17,35888865,$76.05 ,$77.92 ,$75.54 ,42996
180,180,75.02,19-Sep-17,32176040,$76 ,$76.48 ,$74.71 ,42997
181,181,74.78,20-Sep-17,24549790,$74.60 ,$75.65 ,$74.21 ,42998
182,182,73.3,21-Sep-17,23054360,$74.98 ,$75.37 ,$72.90 ,42999
183,183,70.22,22-Sep-17,40714475,$73.30 ,$73.98 ,$70.18 ,43000
184,184,69,25-Sep-17,37935790,$70.63 ,$71.49 ,$68.58 ,43003
185,185,69.05,26-Sep-17,35748245,$70.19 ,$70.25 ,$68.18 ,43004
186,186,68.19,27-Sep-17,30136875,$69.98 ,$70.30 ,$68.10 ,43005
187,187,67.92,28-Sep-17,26548895,$67.98 ,$68.55 ,$67.08 ,43006
188,188,68.22,29-Sep-17,25495255,$68.37 ,$68.94 ,$67.72 ,43007
189,189,68.31,2-Oct-17,26137735,$68.50 ,$68.74 ,$67.10 ,43010
190,190,69.63,3-Oct-17,50612750,$67.18 ,$69.71 ,$66.26 ,43011
191,191,71,4-Oct-17,40739975,$70.25 ,$71.72 ,$69.92 ,43012
192,192,71.07,5-Oct-17,20839565,$71.20 ,$71.49 ,$70.27 ,43013
193,193,71.38,6-Oct-17,21364330,$70.62 ,$72.02 ,$70.45 ,43014
194,194,68.59,9-Oct-17,37307305,$69.93 ,$70.35 ,$68.53 ,43017
195,195,71.12,10-Oct-17,34861315,$69.36 ,$71.13 ,$69.11 ,43018
196,196,70.92,11-Oct-17,22473665,$70.78 ,$71.52 ,$70.23 ,43019
197,197,71.14,12-Oct-17,20367760,$70.59 ,$71.96 ,$70.53 ,43020
198,198,71.11,13-Oct-17,17694035,$71.40 ,$71.70 ,$70.74 ,43021
199,199,70.12,16-Oct-17,26865450,$70.75 ,$70.90 ,$69.43 ,43024
200,200,71.15,17-Oct-17,16451450,$70.18 ,$71.24 ,$70.01 ,43025
201,201,71.93,18-Oct-17,24680120,$71.19 ,$72.60 ,$70.83 ,43026
202,202,70.36,19-Oct-17,25278575,$71.11 ,$71.43 ,$69.64 ,43027
203,203,69.02,20-Oct-17,24628285,$70.54 ,$70.91 ,$68.87 ,43028
204,204,67.4,23-Oct-17,28697990,$69.98 ,$69.99 ,$67.25 ,43031
205,205,67.47,24-Oct-17,22428460,$67.76 ,$68.56 ,$67.23 ,43032
206,206,65.17,25-Oct-17,42918095,$67.34 ,$67.50 ,$64.71 ,43033
207,207,65.23,26-Oct-17,25050435,$65.56 ,$66.05 ,$64.64 ,43034
208,208,64.17,27-Oct-17,34841825,$63.95 ,$64.92 ,$63.33 ,43035
209,209,64.02,30-Oct-17,21238095,$63.84 ,$64.76 ,$63.45 ,43038
210,210,66.31,31-Oct-17,28250310,$64.05 ,$66.39 ,$64.04 ,43039
211,211,64.22,1-Nov-17,41212435,$66.45 ,$66.52 ,$64.05 ,43040
212,212,59.85,2-Nov-17,98856400,$60.03 ,$61.74 ,$58.53 ,43041
213,213,61.22,3-Nov-17,44429665,$59.90 ,$61.25 ,$59.03 ,43042
214,214,60.56,6-Nov-17,32403445,$61.40 ,$61.50 ,$59.80 ,43045
215,215,61.21,7-Nov-17,26424220,$60.20 ,$61.30 ,$60.01 ,43046
216,216,60.88,8-Nov-17,23626775,$61.10 ,$61.38 ,$60.26 ,43047
217,217,60.6,9-Nov-17,27200865,$60.50 ,$60.89 ,$59.26 ,43048
218,218,60.6,10-Nov-17,23105400,$60.50 ,$61.67 ,$60.37 ,43049
219,219,63.08,13-Nov-17,37826210,$60.03 ,$63.36 ,$59.82 ,43052
220,220,61.74,14-Nov-17,28309520,$63 ,$63.27 ,$61.38 ,43053
221,221,62.26,15-Nov-17,29759175,$61.20 ,$62.50 ,$60.30 ,43054
222,222,62.5,16-Nov-17,28972045,$62.80 ,$63.63 ,$62.26 ,43055
223,223,63.01,17-Nov-17,68604150,$65.13 ,$65.33 ,$62.63 ,43056
224,224,61.75,20-Nov-17,41209105,$62.76 ,$63.10 ,$60.95 ,43059
225,225,63.56,21-Nov-17,36281905,$62.17 ,$63.65 ,$61.74 ,43060
226,226,62.52,22-Nov-17,24566415,$63.35 ,$63.48 ,$62.37 ,43061
227,227,63.11,24-Nov-17,16220325,$62.76 ,$63.28 ,$62.20 ,43063
228,228,63.36,27-Nov-17,22688895,$62.65 ,$63.47 ,$61.90 ,43066
229,229,63.51,28-Nov-17,24708515,$63.27 ,$64 ,$62.78 ,43067
230,230,61.51,29-Nov-17,43787315,$63.46 ,$63.60 ,$60.25 ,43068
231,231,61.77,30-Nov-17,21727170,$61.71 ,$62.14 ,$60.91 ,43069
232,232,61.31,1-Dec-17,21430410,$61.09 ,$62.06 ,$61.01 ,43070
233,233,61.04,4-Dec-17,29171135,$61.30 ,$61.65 ,$60.12 ,43073
234,234,60.74,5-Dec-17,23218540,$60.40 ,$61.60 ,$60.20 ,43074
235,235,62.65,6-Dec-17,35922385,$60.02 ,$62.68 ,$60 ,43075
236,236,62.25,7-Dec-17,23897950,$62.40 ,$63.73 ,$62.21 ,43076
237,237,63.03,8-Dec-17,17330440,$62.92 ,$63.40 ,$62.25 ,43077
238,238,65.78,11-Dec-17,39630450,$62.93 ,$65.80 ,$62.75 ,43080
239,239,68.21,12-Dec-17,43577850,$66.09 ,$68.29 ,$66.01 ,43081
240,240,67.81,13-Dec-17,31088505,$68.19 ,$68.84 ,$67.30 ,43082
241,241,67.58,14-Dec-17,28960120,$68.20 ,$69.49 ,$67.38 ,43083
242,242,68.69,15-Dec-17,34606230,$68.41 ,$68.78 ,$67.15 ,43084
243,243,67.77,18-Dec-17,27332730,$68.98 ,$69.35 ,$67.52 ,43087
244,244,66.22,19-Dec-17,34104340,$68.05 ,$68.30 ,$66.06 ,43088
245,245,65.8,20-Dec-17,29536890,$66.54 ,$66.62 ,$65.01 ,43089
246,246,66.33,21-Dec-17,21849970,$65.92 ,$66.75 ,$65.44 ,43090
247,247,65.04,22-Dec-17,21038010,$65.90 ,$66.18 ,$64.96 ,43091
248,248,63.46,26-Dec-17,21843495,$64.77 ,$64.79 ,$63.32 ,43095
249,249,62.33,27-Dec-17,23525420,$63.20 ,$63.54 ,$62.15 ,43096
250,250,63.07,28-Dec-17,21533730,$62.35 ,$63.16 ,$61.91 ,43097
251,251,62.27,29-Dec-17,18847520,$63.24 ,$63.28 ,$62 ,43098
252,252,64.11,2-Jan-18,21728075,$62.40 ,$64.42 ,$62.20 ,43102
253,253,63.45,3-Jan-18,22192600,$64.20 ,$65.05 ,$63.11 ,43103
254,254,62.92,4-Jan-18,49722965,$62.57 ,$63.71 ,$61.14 ,43104
255,255,63.32,5-Jan-18,22943640,$63.32 ,$63.45 ,$62.40 ,43105
256,256,67.28,8-Jan-18,49163050,$63.20 ,$67.40 ,$63.10 ,43108
257,257,66.74,9-Jan-18,35672625,$67.03 ,$67.76 ,$65.48 ,43109
258,258,66.96,10-Jan-18,21515265,$66.44 ,$67.40 ,$66 ,43110
259,259,67.59,11-Jan-18,33204315,$67.05 ,$68.96 ,$66.65 ,43111
260,260,67.24,12-Jan-18,24112545,$67.73 ,$68.08 ,$66.73 ,43112
261,261,68.01,16-Jan-18,32146170,$67.51 ,$69 ,$66.96 ,43116
262,262,69.43,17-Jan-18,35462770,$68.09 ,$69.80 ,$67.95 ,43117
263,263,68.91,18-Jan-18,28398145,$69.13 ,$70.46 ,$68.75 ,43118
264,264,70,19-Jan-18,24355905,$69 ,$70.12 ,$68.52 ,43119
265,265,70.31,22-Jan-18,30998885,$69.88 ,$71.57 ,$69.84 ,43122
266,266,70.56,23-Jan-18,27238110,$72 ,$72.10 ,$70.20 ,43123
267,267,69.18,24-Jan-18,26386930,$70.92 ,$70.95 ,$68.70 ,43124
268,268,67.53,25-Jan-18,33626040,$69.65 ,$69.84 ,$67.28 ,43125
269,269,68.57,26-Jan-18,22677285,$68.30 ,$68.80 ,$67.14 ,43126
270,270,69.91,29-Jan-18,23691040,$67.97 ,$70.17 ,$67.66 ,43129
271,271,69.16,30-Jan-18,23553420,$69.03 ,$69.65 ,$68.43 ,43130
272,272,70.86,31-Jan-18,30996865,$69.50 ,$71.24 ,$69.04 ,43131
273,273,69.85,1-Feb-18,20937200,$70.20 ,$71.93 ,$69.73 ,43132
274,274,68.75,2-Feb-18,18480785,$69.69 ,$70.39 ,$68.10 ,43133
275,275,66.63,5-Feb-18,22205830,$67.59 ,$68.89 ,$66.60 ,43136
276,276,66.79,6-Feb-18,25400160,$65.04 ,$67.24 ,$64.70 ,43137
277,277,69,7-Feb-18,33648410,$67.80 ,$69.20 ,$67.13 ,43138
278,278,63.05,8-Feb-18,51482100,$68.66 ,$69.72 ,$62.92 ,43139
279,279,62.08,9-Feb-18,64622150,$63.99 ,$64.20 ,$58.95 ,43140
280,280,63.15,12-Feb-18,31122395,$63.23 ,$63.62 ,$61.25 ,43143
281,281,64.73,13-Feb-18,22773155,$63.00 ,$64.84 ,$62.50 ,43144
282,282,64.46,14-Feb-18,19740385,$64.17 ,$65.23 ,$63.70 ,43145
283,283,66.81,15-Feb-18,29549115,$64.90 ,$66.82 ,$64.48 ,43146
284,284,67.1,16-Feb-18,28200920,$66.50 ,$68.62 ,$66.33 ,43147
285,285,66.95,20-Feb-18,20029810,$66.89 ,$68.17 ,$66.30 ,43151
286,286,66.66,21-Feb-18,16036250,$67.21 ,$67.94 ,$66.63 ,43152
287,287,69.23,22-Feb-18,34809400,$67.11 ,$69.49 ,$66.95 ,43153
288,288,70.41,23-Feb-18,29070885,$69.57 ,$71.00 ,$69.42 ,43154
289,289,71.48,26-Feb-18,21672500,$70.70 ,$71.80 ,$70.47 ,43157
290,290,70.2,27-Feb-18,23925110,$71.25 ,$72.00 ,$70.00 ,43158
291,291,68.61,28-Feb-18,30330220,$70.51 ,$71.05 ,$68.44 ,43159
292,292,66.19,1-Mar-18,34362760,$69.00 ,$69.73 ,$66.01 ,43160
293,293,67.02,2-Mar-18,25443945,$65.40 ,$67.04 ,$64.59 ,43161
294,294,66.67,5-Mar-18,19103510,$66.48 ,$67.55 ,$65.86 ,43164
295,295,65.64,6-Mar-18,21182415,$66.75 ,$67.27 ,$65.41 ,43165
296,296,66.46,7-Mar-18,25009700,$65.09 ,$66.50 ,$64.35 ,43166
297,297,65.82,8-Mar-18,17571835,$66.57 ,$66.66 ,$65.25 ,43167
298,298,65.43,9-Mar-18,27513895,$64.82 ,$65.70 ,$64.47 ,43168
299,299,69.1,12-Mar-18,41264595,$65.72 ,$69.44 ,$65.30 ,43171
300,300,68.37,13-Mar-18,29803180,$68.98 ,$69.02 ,$67.25 ,43172
301,301,65.33,14-Mar-18,39760760,$67.35 ,$67.96 ,$64.79 ,43173
302,302,65.12,15-Mar-18,32772840,$65.88 ,$66.57 ,$64.22 ,43174
303,303,64.27,16-Mar-18,30566825,$65.19 ,$65.48 ,$63.81 ,43175
304,304,62.71,19-Mar-18,37339450,$63.30 ,$64.15 ,$61.93 ,43178
305,305,62.11,20-Mar-18,23805155,$62.97 ,$63.25 ,$61.75 ,43179
306,306,63.31,21-Mar-18,29771235,$62.05 ,$64.49 ,$62.04 ,43180
307,307,61.82,22-Mar-18,24624640,$62.78 ,$63.76 ,$61.64 ,43181
308,308,60.31,23-Mar-18,33199800,$62.25 ,$62.32 ,$60.09 ,43182
309,309,60.84,26-Mar-18,41824685,$61.47 ,$61.52 ,$58.27 ,43185
310,310,55.84,27-Mar-18,68935300,$60.80 ,$60.85 ,$55.44 ,43186
311,311,51.56,28-Mar-18,104811400,$52.92 ,$53.74 ,$50.42 ,43187
312,312,53.23,29-Mar-18,75072200,$51.30 ,$54.19 ,$49.64 ,43188
313,313,50.5,2-Apr-18,80466450,$51.25 ,$52.07 ,$48.92 ,43192
314,314,53.51,3-Apr-18,94148250,$53.96 ,$54.67 ,$50.90 ,43193
315,315,57.39,4-Apr-18,99400900,$50.56 ,$57.67 ,$50.40 ,43194
316,316,61.14,5-Apr-18,95129300,$57.87 ,$61.25 ,$57.64 ,43195
317,317,59.86,6-Apr-18,67582650,$60.20 ,$61.86 ,$59.10 ,43196
318,318,57.93,9-Apr-18,51207050,$60.07 ,$61.90 ,$57.84 ,43199
319,319,60.94,10-Apr-18,55085050,$59.79 ,$61.42 ,$58.74 ,43200
320,320,60.19,11-Apr-18,37351020,$60.15 ,$61.80 ,$59.93 ,43201
321,321,58.82,12-Apr-18,37977625,$60.46 ,$60.79 ,$58.74 ,43202
322,322,60.07,13-Apr-18,36596125,$60.72 ,$60.79 ,$59.20 ,43203
323,323,58.24,16-Apr-18,31447485,$59.80 ,$59.93 ,$57.80 ,43206
324,324,57.54,17-Apr-18,34655760,$57.77 ,$58.43 ,$56.50 ,43207
325,325,58.67,18-Apr-18,32657815,$58.22 ,$60.05 ,$57.63 ,43208
326,326,60.02,19-Apr-18,30419000,$58.22 ,$60.20 ,$57.71 ,43209
327,327,58.05,20-Apr-18,28113150,$59.03 ,$60.00 ,$57.95 ,43210
328,328,56.67,23-Apr-18,24403715,$58.26 ,$58.32 ,$56.47 ,43213
329,329,56.69,24-Apr-18,28391210,$57 ,$57.42 ,$55.69 ,43214
330,330,56.14,25-Apr-18,20002105,$56.70 ,$57.03 ,$55.45 ,43215
331,331,57.1,26-Apr-18,21740540,$55.75 ,$57.16 ,$55.30 ,43216
332,332,58.82,27-Apr-18,21734270,$57.07 ,$58.89 ,$56.77 ,43217
333,333,58.78,30-Apr-18,21120340,$58.72 ,$59.75 ,$58.50 ,43220
334,334,59.98,1-May-18,23074730,$58.70 ,$60.16 ,$58.64 ,43221
335,335,60.23,2-May-18,41730880,$59.71 ,$61.37 ,$59.56 ,43222
336,336,56.89,3-May-18,86695450,$55.76 ,$57.61 ,$55.05 ,43223
337,337,58.82,4-May-18,42827530,$56.60 ,$59.37 ,$55.90 ,43224
338,338,60.55,7-May-18,43365450,$59.50 ,$61.19 ,$59.03 ,43227
339,339,60.39,8-May-18,29637235,$60.16 ,$61.55 ,$59.80 ,43228
340,340,61.37,9-May-18,28561275,$60.08 ,$61.40 ,$60.01 ,43229
341,341,61,10-May-18,28213855,$61.50 ,$62.60 ,$60.82 ,43230
342,342,60.21,11-May-18,23326605,$61.54 ,$61.78 ,$59.82 ,43231
343,343,58.39,14-May-18,36327505,$60.66 ,$60.99 ,$58.32 ,43234
344,344,56.84,15-May-18,47548765,$57.00 ,$57.39 ,$56.10 ,43235
345,345,57.3,16-May-18,28348220,$56.77 ,$57.76 ,$56.31 ,43236
346,346,56.91,17-May-18,22091290,$57.18 ,$57.84 ,$56.79 ,43237
347,347,55.36,18-May-18,36218495,$56.93 ,$56.93 ,$54.80 ,43238
348,348,56.9,21-May-18,45839220,$56.27 ,$58.30 ,$56.26 ,43241
349,349,55,22-May-18,44692505,$57.55 ,$57.60 ,$54.68 ,43242
350,350,55.81,23-May-18,29861185,$55.55 ,$55.98 ,$54.80 ,43243
351,351,55.57,24-May-18,20853945,$55.68 ,$56.22 ,$54.98 ,43244
352,352,55.77,25-May-18,19363105,$55.53 ,$55.93 ,$55.12 ,43245
353,353,56.75,29-May-18,28285765,$55.70 ,$57.30 ,$55.23 ,43249
354,354,58.34,30-May-18,37367950,$56.66 ,$59.00 ,$56.32 ,43250
355,355,56.95,31-May-18,29564125,$57.44 ,$58.07 ,$56.59 ,43251
356,356,58.36,1-Jun-18,27089920,$57.17 ,$58.39 ,$56.77 ,43252
357,357,59.35,4-Jun-18,23968935,$58.87 ,$59.80 ,$58.71 ,43255
358,358,58.23,5-Jun-18,29389365,$59.54 ,$59.56 ,$57.35 ,43256
359,359,63.9,6-Jun-18,93712000,$60.10 ,$64.43 ,$59.50 ,43257
360,360,63.22,7-Jun-18,71680550,$63.23 ,$66 ,$62.72 ,43258
361,361,63.53,8-Jun-18,40960875,$63.80 ,$64.90 ,$63.43 ,43259
362,362,66.42,11-Jun-18,65830250,$64.50 ,$66.93 ,$64.50 ,43262
363,363,68.55,12-Jun-18,111282150,$68.94 ,$70.99 ,$67.60 ,43263
364,364,68.96,13-Jun-18,47007335,$69.34 ,$69.44 ,$67.96 ,43264
365,365,71.54,14-Jun-18,54805750,$69.53 ,$71.75 ,$69.32 ,43265
366,366,71.63,15-Jun-18,54137800,$70.77 ,$72.93 ,$70.25 ,43266
367,367,74.17,18-Jun-18,60127250,$71.08 ,$74.75 ,$70.90 ,43269
368,368,70.51,19-Jun-18,63674200,$73.03 ,$74 ,$69.25 ,43270
369,369,72.44,20-Jun-18,41851340,$71.61 ,$72.88 ,$70.40 ,43271
370,370,69.5,21-Jun-18,39749230,$72.40 ,$73.24 ,$69.25 ,43272
371,371,66.73,22-Jun-18,51268850,$70.31 ,$70.45 ,$66.40 ,43273
372,372,66.6,25-Jun-18,34625445,$66.02 ,$67.69 ,$65.50 ,43276
373,373,68.4,26-Jun-18,37173745,$67.21 ,$68.71 ,$65.16 ,43277
374,374,68.9,27-Jun-18,41569085,$69 ,$70.16 ,$67.90 ,43278
375,375,69.99,28-Jun-18,41940860,$69.73 ,$71.40 ,$69.22 ,43279
376,376,68.59,29-Jun-18,32379515,$70.67 ,$70.77 ,$68.48 ,43280
377,377,67.01,2-Jul-18,93663550,$72.01 ,$72.96 ,$65.97 ,43283
378,378,62.17,3-Jul-18,61413200,$66.35 ,$66.50 ,$61.94 ,43284
379,379,61.83,5-Jul-18,87287850,$62.75 ,$62.88 ,$59.24 ,43286
380,380,61.78,6-Jul-18,44300990,$60.99 ,$62.41 ,$60.40 ,43287
381,381,63.7,9-Jul-18,37897705,$62.40 ,$63.70 ,$61.60 ,43290
382,382,64.49,10-Jul-18,47187785,$64.91 ,$65.54 ,$63.84 ,43291
383,383,63.79,11-Jul-18,24392975,$63.16 ,$64.39 ,$63.01 ,43292
384,384,63.34,12-Jul-18,28559255,$64.29 ,$64.65 ,$62.55 ,43293
385,385,63.77,13-Jul-18,29333880,$63.12 ,$63.92 ,$61.85 ,43294
386,386,62.02,16-Jul-18,39002270,$62.34 ,$63.03 ,$61.25 ,43297
387,387,64.54,17-Jul-18,34938910,$61.76 ,$64.95 ,$61.70 ,43298
388,388,64.77,18-Jul-18,28050425,$65 ,$65.10 ,$63.25 ,43299
389,389,64.05,19-Jul-18,29535580,$63.27 ,$64.71 ,$62.80 ,43300
390,390,62.72,20-Jul-18,25799155,$64.25 ,$64.65 ,$62.34 ,43301
391,391,60.64,23-Jul-18,54874100,$60.37 ,$61.10 ,$58.57 ,43304
392,392,59.49,24-Jul-18,47930930,$60.88 ,$61.54 ,$58.51 ,43305
393,393,61.75,25-Jul-18,35156910,$59.35 ,$61.92 ,$58.90 ,43306
394,394,61.33,26-Jul-18,23097835,$60.97 ,$62.14 ,$60.73 ,43307
395,395,59.44,27-Jul-18,28473450,$61.45 ,$61.54 ,$59.07 ,43308
396,396,58.03,30-Jul-18,33997905,$59.18 ,$59.22 ,$57.23 ,43311
397,397,59.63,31-Jul-18,25275470,$58.45 ,$59.66 ,$57.81 ,43312
398,398,60.17,1-Aug-18,43840495,$59.60 ,$60.60 ,$58.60 ,43313
399,399,69.91,2-Aug-18,115795800,$65.69 ,$70.00 ,$64.63 ,43314
400,400,69.63,3-Aug-18,68233200,$69.56 ,$71 ,$68.51 ,43315
401,401,68.4,6-Aug-18,42683830,$69.09 ,$71.00 ,$68.36 ,43318
402,402,75.91,7-Aug-18,152982000,$68.77 ,$77.49 ,$67.83 ,43319
403,403,74.07,8-Aug-18,122677100,$73.82 ,$76.53 ,$73.42 ,43320
404,404,70.49,9-Aug-18,84759000,$73.11 ,$73.40 ,$69.15 ,43321
405,405,71.1,10-Aug-18,57652550,$70.80 ,$72 ,$69.20 ,43322
406,406,71.28,13-Aug-18,52224600,$72.23 ,$72.64 ,$69.80 ,43325
407,407,69.53,14-Aug-18,34742555,$71.69 ,$71.84 ,$69.42 ,43326
408,408,67.74,15-Aug-18,45365165,$68.38 ,$68.90 ,$66.43 ,43327
409,409,67.09,16-Aug-18,30226960,$67.98 ,$68.46 ,$66.76 ,43328
410,410,61.1,17-Aug-18,94479400,$64.70 ,$65.35 ,$60.71 ,43329
411,411,61.69,20-Aug-18,86902150,$58.34 ,$61.70 ,$57.64 ,43332
412,412,64.38,21-Aug-18,65738850,$62.12 ,$64.96 ,$61.80 ,43333
413,413,64.33,22-Aug-18,29679265,$64.17 ,$64.78 ,$62.93 ,43334
414,414,64.02,23-Aug-18,25693425,$63.83 ,$65.46 ,$63.62 ,43335
415,415,64.56,24-Aug-18,17963670,$64.14 ,$64.77 ,$63.88 ,43336
416,416,63.85,27-Aug-18,65313250,$63.60 ,$64.49 ,$61.76 ,43339
417,417,62.37,28-Aug-18,38197265,$63.68 ,$63.78 ,$62.24 ,43340
418,418,61,29-Aug-18,37052690,$62.05 ,$62.37 ,$60.74 ,43341
419,419,60.63,30-Aug-18,36053125,$60.45 ,$60.92 ,$59.54 ,43342
420,420,60.33,31-Aug-18,26835240,$60.40 ,$61.06 ,$59.72 ,43343
421,421,57.79,4-Sep-18,41522855,$59.39 ,$59.64 ,$57.60 ,43347
422,422,56.15,5-Sep-18,38536710,$57.01 ,$57.36 ,$55.44 ,43348
423,423,56.19,6-Sep-18,37363780,$56.96 ,$58.23 ,$55.78 ,43349
424,424,52.65,7-Sep-18,112211550,$52.02 ,$53.67 ,$50.45 ,43350
425,425,57.1,10-Sep-18,71161250,$54.65 ,$57.21 ,$54.20 ,43353
426,426,55.89,11-Sep-18,45805305,$55.89 ,$56.40 ,$54.71 ,43354
427,427,58.11,12-Sep-18,50010750,$56.29 ,$58.50 ,$55.73 ,43355
428,428,57.89,13-Sep-18,31666405,$57.60 ,$59 ,$57.04 ,43356
429,429,59.04,14-Sep-18,33788260,$57.75 ,$59.47 ,$57.30 ,43357
430,430,58.97,17-Sep-18,34331040,$58.01 ,$60.17 ,$57.63 ,43360
431,431,56.99,18-Sep-18,82471400,$59.34 ,$60.53 ,$55.10 ,43361
432,432,59.8,19-Sep-18,41321765,$56.10 ,$60 ,$56.10 ,43362
433,433,59.67,20-Sep-18,36662385,$60.71 ,$61.20 ,$58.67 ,43363
434,434,59.82,21-Sep-18,25192485,$59.54 ,$60.12 ,$59.07 ,43364
435,435,59.94,24-Sep-18,24171920,$59.70 ,$60.60 ,$58.72 ,43367
436,436,60.2,25-Sep-18,22361435,$60 ,$60.92 ,$59.30 ,43368
437,437,61.92,26-Sep-18,39179315,$60.38 ,$62.78 ,$60.22 ,43369
438,438,61.5,27-Sep-18,36688800,$62.58 ,$62.99 ,$61.38 ,43370
439,439,52.95,28-Sep-18,167986450,$54.05 ,$55.60 ,$52.11 ,43371
440,440,62.14,1-Oct-18,108571050,$61.15 ,$62.29 ,$60.21 ,43374
441,441,60.2,2-Oct-18,58498450,$62.79 ,$63.37 ,$59.83 ,43375
442,442,58.96,3-Oct-18,39911360,$60.67 ,$60.92 ,$58.31 ,43376
443,443,56.37,4-Oct-18,48194425,$58.79 ,$58.80 ,$55.53 ,43377
444,444,52.39,5-Oct-18,89503550,$54.93 ,$54.98 ,$52 ,43378
445,445,50.11,8-Oct-18,66855900,$52.90 ,$53.55 ,$49.80 ,43381
446,446,52.56,9-Oct-18,60188900,$51.05 ,$53.35 ,$50.66 ,43382
447,447,51.38,10-Oct-18,63907800,$52.92 ,$53.10 ,$49.55 ,43383
448,448,50.45,11-Oct-18,40640920,$51.51 ,$52.45 ,$49.81 ,43384
449,449,51.76,12-Oct-18,35946285,$52.20 ,$52.40 ,$50.40 ,43385
450,450,51.92,15-Oct-18,30945130,$51.81 ,$52.66 ,$50.91 ,43388
451,451,55.32,16-Oct-18,47505600,$53.14 ,$55.48 ,$52.45 ,43389
452,452,54.36,17-Oct-18,43184745,$56.48 ,$56.54 ,$53.16 ,43390
453,453,52.78,18-Oct-18,27009355,$53.86 ,$54.20 ,$52.60 ,43391
454,454,52,19-Oct-18,46723820,$53.48 ,$53.93 ,$50.70 ,43392
455,455,52.19,22-Oct-18,27974275,$52.14 ,$52.37 ,$50.52 ,43395
456,456,58.83,23-Oct-18,94781050,$52.77 ,$59.59 ,$52.42 ,43396
457,457,57.7,24-Oct-18,96752250,$60.21 ,$60.89 ,$57.15 ,43397
458,458,62.97,25-Oct-18,103858350,$63.44 ,$64.20 ,$60.20 ,43398
459,459,66.18,26-Oct-18,136901100,$61.65 ,$67.98 ,$61.33 ,43399
460,460,66.97,29-Oct-18,72275750,$67.49 ,$69.43 ,$65.30 ,43402
461,461,65.98,30-Oct-18,45545600,$65.68 ,$67.58 ,$64.45 ,43403
462,462,67.46,31-Oct-18,38004200,$66.51 ,$68.40 ,$65.82 ,43404
463,463,68.86,1-Nov-18,39904730,$67.65 ,$69.57 ,$66.95 ,43405
464,464,69.28,2-Nov-18,38999600,$68.75 ,$69.84 ,$68.18 ,43406
465,465,68.28,5-Nov-18,39104225,$68.10 ,$68.79 ,$66.03 ,43409
466,466,68.21,6-Nov-18,33759650,$67.81 ,$69.76 ,$67.22 ,43410
467,467,69.63,7-Nov-18,36833530,$68.67 ,$70.24 ,$68.16 ,43411
468,468,70.28,8-Nov-18,35401015,$69.70 ,$71.52 ,$69.69 ,43412
469,469,70.1,9-Nov-18,25467280,$69.80 ,$70.80 ,$69.05 ,43413
470,470,66.26,12-Nov-18,34584825,$69.67 ,$69.96 ,$66.07 ,43416
471,471,67.75,13-Nov-18,27113780,$66.63 ,$68.94 ,$66.44 ,43417
472,472,68.8,14-Nov-18,25160415,$68.54 ,$69.42 ,$67.43 ,43418
473,473,69.69,15-Nov-18,23000650,$68.47 ,$69.72 ,$67.81 ,43419
474,474,70.86,16-Nov-18,35972290,$69.04 ,$71.14 ,$69.02 ,43420
475,475,70.69,19-Nov-18,48492795,$71.27 ,$73.35 ,$70.58 ,43423
476,476,69.5,20-Nov-18,39956265,$68.35 ,$69.96 ,$66.71 ,43424
477,477,67.64,21-Nov-18,23386945,$70.40 ,$70.62 ,$67.48 ,43425
478,478,65.17,23-Nov-18,21013210,$66.87 ,$67.50 ,$65.11 ,43427
479,479,69.2,26-Nov-18,39865595,$65 ,$69.24 ,$65 ,43430
480,480,68.78,27-Nov-18,31735020,$68.01 ,$69.39 ,$67.10 ,43431
481,481,69.57,28-Nov-18,20570190,$69.20 ,$69.66 ,$68.44 ,43432
482,482,68.23,29-Nov-18,15380130,$69.40 ,$69.50 ,$67.91 ,43433
483,483,70.1,30-Nov-18,28105520,$68.37 ,$70.32 ,$67.65 ,43434
484,484,71.7,3-Dec-18,41479215,$72 ,$73.20 ,$70.40 ,43437
485,485,71.94,4-Dec-18,42151065,$71.21 ,$73.74 ,$70.40 ,43438
486,486,72.61,6-Dec-18,39143445,$71.20 ,$73.48 ,$70.15 ,43440
487,487,71.59,7-Dec-18,57421750,$73.80 ,$75.90 ,$71.53 ,43441
488,488,73.03,10-Dec-18,32876705,$72 ,$73.20 ,$70.62 ,43444
489,489,73.35,11-Dec-18,31492360,$73.98 ,$74.43 ,$72.05 ,43445
490,490,73.32,12-Dec-18,25098625,$73.88 ,$74.38 ,$73.03 ,43446
491,491,75.36,13-Dec-18,36740840,$74.03 ,$75.49 ,$73.35 ,43447
492,492,73.14,14-Dec-18,31638125,$75 ,$75.57 ,$72.87 ,43448
493,493,69.68,17-Dec-18,38324160,$72.40 ,$73.14 ,$68.78 ,43451
494,494,67.41,18-Dec-18,35424435,$70.11 ,$70.31 ,$66.74 ,43452
495,495,66.59,19-Dec-18,41281870,$67.52 ,$69.40 ,$65.95 ,43453
496,496,63.08,20-Dec-18,45246945,$65.41 ,$66.06 ,$62.37 ,43454
497,497,63.95,21-Dec-18,39986095,$63.48 ,$64.69 ,$62.49 ,43455
498,498,59.08,24-Dec-18,27799565,$62.70 ,$62.90 ,$59.04 ,43458
499,499,65.22,26-Dec-18,40715510,$60 ,$65.39 ,$58.82 ,43460
500,500,63.23,27-Dec-18,42836925,$63.97 ,$64.43 ,$60.30 ,43461
501,501,66.77,28-Dec-18,49593885,$64.62 ,$67.25 ,$63.68 ,43462
502,502,66.56,31-Dec-18,31471490,$67.56 ,$67.84 ,$65.05 ,43465
503,503,62.02,2-Jan-19,58056350,$61.22 ,$63.03 ,$59.76 ,43467
504,504,60.07,3-Jan-19,34742885,$61.40 ,$61.88 ,$59.48 ,43468
505,505,63.54,4-Jan-19,36913775,$61.20 ,$63.60 ,$60.55 ,43469
506,506,66.99,7-Jan-19,37711690,$64.34 ,$67.35 ,$63.55 ,43472
507,507,67.07,8-Jan-19,34972135,$68.39 ,$68.80 ,$65.40 ,43473
508,508,67.71,9-Jan-19,27133090,$67.10 ,$68.70 ,$66.29 ,43474
509,509,68.99,10-Jan-19,30248105,$66.88 ,$69.08 ,$66.36 ,43475
510,510,69.45,11-Jan-19,25175390,$68.42 ,$69.68 ,$67.75 ,43476
511,511,66.88,14-Jan-19,26163450,$68.48 ,$68.50 ,$66.80 ,43479
512,512,68.89,15-Jan-19,30239450,$67 ,$69.76 ,$66.90 ,43480
513,513,69.21,16-Jan-19,23386135,$68.96 ,$70.40 ,$68.70 ,43481
514,514,69.46,17-Jan-19,18305810,$69.24 ,$70.30 ,$68.83 ,43482
515,515,60.45,18-Jan-19,120396300,$64.60 ,$65.43 ,$59.95 ,43483
516,516,59.78,22-Jan-19,60260650,$60.96 ,$61.60 ,$59.10 ,43487
517,517,57.52,23-Jan-19,62565400,$58.50 ,$58.90 ,$56.34 ,43488
518,518,58.3,24-Jan-19,39954555,$56.61 ,$58.74 ,$55.86 ,43489
519,519,59.41,25-Jan-19,35513905,$58.88 ,$59.70 ,$57.91 ,43490
520,520,59.28,28-Jan-19,32047385,$58.58 ,$59.49 ,$57.55 ,43493
521,521,59.49,29-Jan-19,23014665,$59.05 ,$59.71 ,$58.36 ,43494
522,522,61.75,30-Jan-19,52970200,$60.09 ,$61.80 ,$59.70 ,43495
523,523,61.4,31-Jan-19,62725950,$60.20 ,$62.31 ,$58.80 ,43496
524,524,62.44,1-Feb-19,36318090,$61.08 ,$63.22 ,$60.70 ,43497
525,525,62.58,4-Feb-19,36720380,$62.60 ,$63.06 ,$60.38 ,43500
526,526,64.27,5-Feb-19,33673695,$62.50 ,$64.49 ,$62.45 ,43501
527,527,63.44,6-Feb-19,25156840,$63.92 ,$64.85 ,$63.12 ,43502
528,528,61.5,7-Feb-19,32559150,$62.66 ,$62.94 ,$60.60 ,43503
529,529,61.16,8-Feb-19,29175390,$61.37 ,$61.49 ,$59.70 ,43504
530,530,62.57,11-Feb-19,35570060,$62.32 ,$63.72 ,$62.10 ,43507
531,531,62.36,12-Feb-19,27427095,$63.24 ,$63.64 ,$61.92 ,43508
532,532,61.63,13-Feb-19,25651990,$62.47 ,$62.55 ,$61.11 ,43509
533,533,60.75,14-Feb-19,25954435,$60.68 ,$61.35 ,$60.20 ,43510
534,534,61.58,15-Feb-19,19479075,$60.90 ,$61.60 ,$60.78 ,43511
535,535,61.13,19-Feb-19,20602600,$61.31 ,$62.31 ,$61.09 ,43515
536,536,60.51,20-Feb-19,35664845,$60.88 ,$61.26 ,$59.80 ,43516
537,537,58.25,21-Feb-19,44404150,$60.36 ,$60.65 ,$58.10 ,43517
538,538,58.94,22-Feb-19,28656900,$58.90 ,$59.30 ,$58.42 ,43518
539,539,59.75,25-Feb-19,31068505,$59.58 ,$60.58 ,$59.40 ,43521
540,540,59.57,26-Feb-19,42858045,$58.44 ,$60.40 ,$57.75 ,43522
541,541,62.95,27-Feb-19,55720500,$60.36 ,$63.26 ,$60.11 ,43523
542,542,63.98,28-Feb-19,48331120,$63.78 ,$64 ,$62.16 ,43524
543,543,58.96,1-Mar-19,114243750,$61.39 ,$61.43 ,$58.38 ,43525
544,544,57.07,4-Mar-19,85344450,$59.62 ,$59.80 ,$56.56 ,43528
545,545,55.31,5-Mar-19,93649000,$56.40 ,$56.80 ,$54.02 ,43529
546,546,55.25,6-Mar-19,51596850,$55.30 ,$56.30 ,$54.88 ,43530
547,547,55.32,7-Mar-19,47053485,$55.77 ,$56.94 ,$54.85 ,43531
548,548,56.83,8-Mar-19,44028860,$55.38 ,$57.12 ,$55.18 ,43532
549,549,58.18,11-Mar-19,36861490,$56.70 ,$58.26 ,$56.10 ,43535
550,550,56.67,12-Mar-19,37440185,$57.30 ,$57.61 ,$56.21 ,43536
551,551,57.79,13-Mar-19,34089270,$56.78 ,$58.40 ,$56.54 ,43537
552,552,57.99,14-Mar-19,35240690,$58.49 ,$59.08 ,$57.66 ,43538
553,553,55.09,15-Mar-19,73786800,$56.70 ,$56.74 ,$54.88 ,43539
554,554,53.9,18-Mar-19,51324800,$55.20 ,$55.61 ,$53.46 ,43542
555,555,53.49,19-Mar-19,58871650,$53.50 ,$54.66 ,$52.69 ,43543
556,556,54.72,20-Mar-19,34409880,$53.94 ,$54.99 ,$53.26 ,43544
557,557,54.8,21-Mar-19,29654625,$54.52 ,$55.29 ,$53.69 ,43545
558,558,52.91,22-Mar-19,43609750,$54.52 ,$54.56 ,$52.80 ,43546
559,559,52.08,25-Mar-19,51025400,$51.94 ,$52.64 ,$50.89 ,43549
560,560,53.55,26-Mar-19,36709340,$52.89 ,$54.05 ,$52.89 ,43550
561,561,54.97,27-Mar-19,43761920,$53.75 ,$55.07 ,$53.64 ,43551
562,562,55.72,28-Mar-19,33824605,$55.43 ,$56.07 ,$55.02 ,43552
563,563,55.97,29-Mar-19,29901775,$55.74 ,$56.03 ,$54.90 ,43553
564,564,57.84,1-Apr-19,40465670,$56.52 ,$57.84 ,$56.26 ,43556
565,565,57.18,2-Apr-19,27135920,$57.66 ,$57.89 ,$56.78 ,43557
566,566,58.36,3-Apr-19,39583250,$57.46 ,$59.23 ,$57.43 ,43558
567,567,53.56,4-Apr-19,118400850,$52.38 ,$54.24 ,$52.12 ,43559
568,568,54.99,5-Apr-19,65113700,$53.97 ,$55.22 ,$53.22 ,43560
569,569,54.64,8-Apr-19,51823000,$55.54 ,$56.23 ,$54.09 ,43563
570,570,54.46,9-Apr-19,29466235,$54.33 ,$55 ,$53.92 ,43564
571,571,55.21,10-Apr-19,35225170,$55.35 ,$55.68 ,$54.58 ,43565
572,572,53.68,11-Apr-19,48906470,$53.66 ,$54.10 ,$53.12 ,43566
573,573,53.54,12-Apr-19,33676930,$54.04 ,$54.39 ,$53.37 ,43567
574,574,53.28,15-Apr-19,50162450,$53.73 ,$53.78 ,$51.73 ,43570
575,575,54.67,16-Apr-19,36332520,$53.15 ,$55 ,$52.94 ,43571
576,576,54.25,17-Apr-19,25590055,$54.95 ,$54.96 ,$53.71 ,43572
577,577,54.65,18-Apr-19,29307390,$54.25 ,$54.97 ,$53.95 ,43573
578,578,52.55,22-Apr-19,60508450,$53.80 ,$53.94 ,$52.50 ,43577
579,579,52.78,23-Apr-19,54546750,$52.03 ,$53.12 ,$51.15 ,43578
580,580,51.73,24-Apr-19,48285305,$52.77 ,$53.06 ,$51.60 ,43579
581,581,49.53,25-Apr-19,109116900,$51 ,$51.80 ,$49.21 ,43580
582,582,47.03,26-Apr-19,110755800,$49.30 ,$49.34 ,$46.23 ,43581
583,583,48.29,29-Apr-19,83433100,$47.17 ,$48.80 ,$46.43 ,43584
584,584,47.74,30-Apr-19,47234825,$48.41 ,$48.84 ,$47.40 ,43585
585,585,46.8,1-May-19,53521750,$47.77 ,$48 ,$46.30 ,43586
586,586,48.82,2-May-19,90796700,$49.10 ,$49.43 ,$47.54 ,43587
587,587,51.01,3-May-19,118533850,$48.77 ,$51.32 ,$48.70 ,43588
588,588,51.07,6-May-19,54169700,$50.00 ,$51.67 ,$49.70 ,43591
589,589,49.41,7-May-19,50657050,$51.36 ,$51.44 ,$49.02 ,43592
590,590,48.97,8-May-19,30882200,$49.39 ,$50.12 ,$48.84 ,43593
591,591,48.4,9-May-19,33556910,$48.40 ,$48.74 ,$47.39 ,43594
592,592,47.9,10-May-19,35041680,$47.95 ,$48.40 ,$47.20 ,43595
593,593,45.4,13-May-19,54174000,$46.40 ,$46.49 ,$44.90 ,43598
594,594,46.46,14-May-19,36262060,$45.86 ,$46.90 ,$45.60 ,43599
595,595,46.39,15-May-19,36479880,$45.86 ,$46.49 ,$45.05 ,43600
596,596,45.67,16-May-19,37416365,$45.90 ,$46.20 ,$45.30 ,43601
597,597,42.21,17-May-19,88933350,$44.39 ,$44.45 ,$41.78 ,43602
598,598,41.07,20-May-19,102631000,$40.56 ,$41.20 ,$39.05 ,43605
599,599,41.02,21-May-19,90019500,$39.55 ,$41.48 ,$39.21 ,43606
600,600,38.55,22-May-19,93425950,$39.82 ,$40.79 ,$38.36 ,43607
601,601,39.1,23-May-19,132735700,$38.87 ,$39.89 ,$37.24 ,43608
602,602,38.13,24-May-19,70682850,$39.97 ,$40.00 ,$37.75 ,43609
603,603,37.74,28-May-19,51564500,$38.24 ,$39 ,$37.57 ,43613
604,604,37.97,29-May-19,59843200,$37.42 ,$38.48 ,$37.01 ,43614
605,605,37.64,30-May-19,39632375,$37.75 ,$38.45 ,$37.40 ,43615
606,606,37.03,31-May-19,52033650,$37.02 ,$37.98 ,$36.82 ,43616
607,607,35.79,3-Jun-19,65322050,$37.10 ,$37.34 ,$35.40 ,43619
608,608,38.72,4-Jun-19,69037600,$36.22 ,$38.80 ,$35.92 ,43620
609,609,39.32,5-Jun-19,67553800,$39.74 ,$40.26 ,$38.37 ,43621
610,610,41.19,6-Jun-19,101210750,$40.89 ,$42.20 ,$40.36 ,43622
611,611,40.9,7-Jun-19,80017650,$41 ,$42.17 ,$40.70 ,43623
612,612,42.58,10-Jun-19,52925200,$42.05 ,$43.39 ,$41.80 ,43626
613,613,43.42,11-Jun-19,58267700,$43.83 ,$44.18 ,$42.70 ,43627
614,614,41.85,12-Jun-19,75987700,$44.59 ,$44.68 ,$41.80 ,43628
615,615,42.78,13-Jun-19,40841300,$42.08 ,$42.98 ,$41.50 ,43629
616,616,42.98,14-Jun-19,37167010,$42.25 ,$43.33 ,$42.08 ,43630
617,617,45.01,17-Jun-19,61584000,$43.10 ,$45.40 ,$42.85 ,43633
618,618,44.95,18-Jun-19,63578950,$45.74 ,$46.95 ,$44.51 ,43634
619,619,45.29,19-Jun-19,32875675,$45.02 ,$45.55 ,$44.21 ,43635
620,620,43.92,20-Jun-19,59317300,$44.60 ,$45.38 ,$43.27 ,43636
621,621,44.37,21-Jun-19,41010390,$43.24 ,$44.44 ,$43.10 ,43637
622,622,44.73,24-Jun-19,28753855,$44.65 ,$45.17 ,$44.20 ,43640
623,623,43.95,25-Jun-19,30910355,$44.88 ,$45.07 ,$43.90 ,43641
624,624,43.85,26-Jun-19,42536040,$44.06 ,$45.45 ,$43.62 ,43642
625,625,44.57,27-Jun-19,31698550,$43.89 ,$44.58 ,$43.47 ,43643
626,626,44.69,28-Jun-19,34256920,$44.20 ,$45.03 ,$44.16 ,43644
627,627,45.43,1-Jul-19,41189820,$46.04 ,$46.62 ,$45.26 ,43647
628,628,44.91,2-Jul-19,46295135,$45.78 ,$45.83 ,$44.44 ,43648
629,629,46.98,3-Jul-19,71005750,$47.88 ,$48.31 ,$46.90 ,43649
630,630,46.62,5-Jul-19,35328690,$46.91 ,$47.09 ,$46.16 ,43651
631,631,46.07,8-Jul-19,29402710,$46.25 ,$46.45 ,$45.73 ,43654
632,632,46.01,9-Jul-19,30954175,$45.79 ,$46.20 ,$45.46 ,43655
633,633,47.78,10-Jul-19,45728680,$46.83 ,$47.79 ,$46.63 ,43656
634,634,47.72,11-Jul-19,37572150,$47.63 ,$48.30 ,$47.16 ,43657
635,635,49.02,12-Jul-19,46002605,$47.95 ,$49.08 ,$47.94 ,43658
636,636,50.7,15-Jul-19,55000450,$49.60 ,$50.88 ,$48.97 ,43661
637,637,50.48,16-Jul-19,40744945,$49.86 ,$50.71 ,$49.59 ,43662
638,638,50.97,17-Jul-19,48823635,$51.13 ,$51.66 ,$50.67 ,43663
639,639,50.71,18-Jul-19,23822415,$51.01 ,$51.15 ,$50.38 ,43664
640,640,51.64,19-Jul-19,35242050,$51.14 ,$51.99 ,$50.92 ,43665
641,641,51.14,22-Jul-19,34231365,$51.75 ,$52.43 ,$50.84 ,43668
642,642,52.03,23-Jul-19,25115605,$51.34 ,$52.10 ,$50.90 ,43669
643,643,52.98,24-Jul-19,55364200,$51.83 ,$53.21 ,$51.63 ,43670
644,644,45.76,25-Jul-19,112091250,$46.70 ,$46.90 ,$45.11 ,43671
645,645,45.61,26-Jul-19,50138500,$45.38 ,$46.05 ,$44.45 ,43672
646,646,47.15,29-Jul-19,46366655,$45.42 ,$47.19 ,$45.21 ,43675
647,647,48.45,30-Jul-19,40545070,$46.58 ,$48.67 ,$46.44 ,43676
648,648,48.32,31-Jul-19,45891040,$48.60 ,$49.34 ,$47.33 ,43677
649,649,46.77,1-Aug-19,41297580,$48.53 ,$48.90 ,$46.35 ,43678
650,650,46.87,2-Aug-19,30682405,$46.27 ,$47.25 ,$45.85 ,43679
651,651,45.66,5-Aug-19,35141395,$45.92 ,$46.27 ,$45.16 ,43682
652,652,46.15,6-Aug-19,27821000,$46.38 ,$46.50 ,$45.15 ,43683
653,653,46.68,7-Aug-19,23882500,$45.30 ,$46.71 ,$45.16 ,43684
654,654,47.66,8-Aug-19,26371745,$46.89 ,$47.96 ,$46.53 ,43685
655,655,47,9-Aug-19,19491220,$47.21 ,$47.79 ,$46.76 ,43686
656,656,45.8,12-Aug-19,23319685,$46.60 ,$47.15 ,$45.75 ,43689
657,657,47,13-Aug-19,24344990,$45.76 ,$47.20 ,$45.51 ,43690
658,658,43.92,14-Aug-19,47812955,$46.24 ,$46.30 ,$43.34 ,43691
659,659,43.13,15-Aug-19,41159760,$44.17 ,$44.31 ,$42.31 ,43692
660,660,43.99,16-Aug-19,26036880,$43.33 ,$44.45 ,$43.20 ,43693
661,661,45.37,19-Aug-19,26558740,$44.84 ,$45.57 ,$44.34 ,43696
662,662,45.17,20-Aug-19,20852635,$45.52 ,$45.82 ,$44.91 ,43697
663,663,44.17,21-Aug-19,38998720,$44.40 ,$44.64 ,$43.52 ,43698
664,664,44.43,22-Aug-19,32824820,$44.56 ,$45.08 ,$43.64 ,43699
665,665,42.28,23-Aug-19,42798520,$43.99 ,$44.23 ,$42.20 ,43700
666,666,43,26-Aug-19,25272070,$42.72 ,$43.00 ,$42.31 ,43703
667,667,42.82,27-Aug-19,27103635,$43.15 ,$43.76 ,$42.41 ,43704
668,668,43.12,28-Aug-19,16193125,$42.74 ,$43.45 ,$42.46 ,43705
669,669,44.34,29-Aug-19,25915520,$43.80 ,$44.68 ,$43.60 ,43706
670,670,45.12,30-Aug-19,46638875,$45.83 ,$46.49 ,$44.84 ,43707
671,671,45,3-Sep-19,26802730,$44.82 ,$45.79 ,$44.63 ,43711
672,672,44.14,4-Sep-19,28843480,$45.38 ,$45.69 ,$43.84 ,43712
673,673,45.92,5-Sep-19,37016610,$44.50 ,$45.96 ,$44.17 ,43713
674,674,45.49,6-Sep-19,20946860,$45.44 ,$45.93 ,$45.03 ,43714
675,675,46.36,9-Sep-19,24013345,$46 ,$46.75 ,$45.85 ,43717
676,676,47.11,10-Sep-19,24418570,$46.16 ,$47.11 ,$45.79 ,43718
677,677,49.42,11-Sep-19,50213900,$47.48 ,$49.63 ,$47.20 ,43719
678,678,49.17,12-Sep-19,42906050,$49.54 ,$50.70 ,$48.88 ,43720
679,679,49.04,13-Sep-19,26565725,$49.39 ,$49.69 ,$48.97 ,43721
680,680,48.56,16-Sep-19,23640480,$49.20 ,$49.49 ,$48.23 ,43724
681,681,48.96,17-Sep-19,19734545,$48.49 ,$49.12 ,$48.07 ,43725
682,682,48.7,18-Sep-19,21140515,$49 ,$49.63 ,$48.47 ,43726
683,683,49.32,19-Sep-19,24415675,$49.20 ,$49.59 ,$48.97 ,43727
684,684,48.12,20-Sep-19,32531320,$49.30 ,$49.39 ,$47.63 ,43728
685,685,48.25,23-Sep-19,21958150,$48 ,$49.04 ,$47.84 ,43731
686,686,44.64,24-Sep-19,64705550,$48.30 ,$48.40 ,$44.52 ,43732
687,687,45.74,25-Sep-19,47221430,$44.91 ,$45.80 ,$43.67 ,43733
688,688,48.51,26-Sep-19,60393950,$46.13 ,$48.66 ,$45.48 ,43734
689,689,48.43,27-Sep-19,55615900,$48.44 ,$49.74 ,$47.75 ,43735
690,690,48.17,30-Sep-19,29730805,$48.60 ,$48.80 ,$47.22 ,43738
691,691,48.94,1-Oct-19,30981450,$48.30 ,$49.19 ,$47.83 ,43739
692,692,48.63,2-Oct-19,31282740,$48.66 ,$48.93 ,$47.89 ,43740
693,693,46.61,3-Oct-19,75688800,$46.37 ,$46.90 ,$44.86 ,43741
694,694,46.29,4-Oct-19,40105900,$46.32 ,$46.96 ,$45.61 ,43742
695,695,47.54,7-Oct-19,40434785,$45.96 ,$47.71 ,$45.71 ,43745
696,696,48.01,8-Oct-19,43511690,$47.17 ,$48.79 ,$46.90 ,43746
697,697,48.91,9-Oct-19,34675165,$48.26 ,$49.46 ,$48.13 ,43747
698,698,48.95,10-Oct-19,31567085,$49.06 ,$49.86 ,$48.32 ,43748
699,699,49.58,11-Oct-19,42440795,$49.43 ,$50.22 ,$49.36 ,43749
700,700,51.39,14-Oct-19,51134300,$49.58 ,$51.71 ,$49.43 ,43752
701,701,51.58,15-Oct-19,32397280,$51.54 ,$52 ,$50.82 ,43753
702,702,51.95,16-Oct-19,33521515,$51.48 ,$52.42 ,$51.38 ,43754
703,703,52.39,17-Oct-19,23895215,$52.50 ,$52.96 ,$52.03 ,43755
704,704,51.39,18-Oct-19,28768330,$52.14 ,$52.56 ,$51.02 ,43756
705,705,50.7,21-Oct-19,25540505,$51.67 ,$51.90 ,$50.04 ,43759
706,706,51.12,22-Oct-19,23125475,$50.86 ,$51.67 ,$50.17 ,43760
707,707,50.94,23-Oct-19,56080900,$50.90 ,$51.23 ,$50.27 ,43761
708,708,59.94,24-Oct-19,149096150,$59.67 ,$60.99 ,$57.84 ,43762
709,709,65.63,25-Oct-19,150030450,$59.54 ,$66 ,$59.22 ,43763
710,710,65.54,28-Oct-19,94351450,$65.51 ,$68.17 ,$64.52 ,43766
711,711,63.24,29-Oct-19,63421350,$64.00 ,$64.86 ,$62.95 ,43767
712,712,63,30-Oct-19,48209050,$62.60 ,$63.76 ,$61.99 ,43768
713,713,62.98,31-Oct-19,25334780,$62.62 ,$63.80 ,$62.60 ,43769
714,714,62.66,1-Nov-19,31919645,$63.26 ,$63.30 ,$61.96 ,43770
715,715,63.49,4-Nov-19,43935200,$62.96 ,$64.39 ,$61.85 ,43773
716,716,63.44,5-Nov-19,34717085,$63.92 ,$64.70 ,$63.22 ,43774
717,717,65.32,6-Nov-19,39704660,$63.60 ,$65.34 ,$62.90 ,43775
718,718,67.11,7-Nov-19,72336750,$65.83 ,$68.30 ,$65.60 ,43776
719,719,67.43,8-Nov-19,30371105,$66.90 ,$67.49 ,$66.50 ,43777
720,720,69.02,11-Nov-19,49968445,$68.79 ,$69.84 ,$68.40 ,43780
721,721,69.99,12-Nov-19,36796915,$69.38 ,$70.07 ,$68.81 ,43781
722,722,69.22,13-Nov-19,42339315,$71 ,$71.27 ,$69.04 ,43782
723,723,69.87,14-Nov-19,32358515,$69.22 ,$70.77 ,$68.58 ,43783
724,724,70.43,15-Nov-19,24062815,$70.13 ,$70.56 ,$69.67 ,43784
725,725,70,18-Nov-19,22042525,$70.58 ,$70.63 ,$69.22 ,43787
726,726,71.9,19-Nov-19,38680390,$70.35 ,$72.00 ,$69.56 ,43788
727,727,70.44,20-Nov-19,33669825,$72 ,$72.24 ,$69.91 ,43789
728,728,70.97,21-Nov-19,30550065,$70.90 ,$72.17 ,$70.80 ,43790
729,729,66.61,22-Nov-19,84353200,$68.03 ,$68.20 ,$66 ,43791
730,730,67.27,25-Nov-19,61728850,$68.86 ,$68.91 ,$66.89 ,43794
731,731,65.78,26-Nov-19,39781195,$67.05 ,$67.10 ,$65.42 ,43795
732,732,66.26,27-Nov-19,27817295,$66.22 ,$66.79 ,$65.71 ,43796
733,733,65.99,29-Nov-19,12328145,$66.22 ,$66.25 ,$65.50 ,43798
734,734,66.97,2-Dec-19,30409930,$65.88 ,$67.28 ,$65.74 ,43801
735,735,67.24,3-Dec-19,33067380,$66.52 ,$67.58 ,$66.44 ,43802
736,736,66.61,4-Dec-19,27681275,$67.55 ,$67.57 ,$66.57 ,43803
737,737,66.07,5-Dec-19,18684880,$66.57 ,$66.88 ,$65.45 ,43804
738,738,67.18,6-Dec-19,38094685,$67 ,$67.77 ,$66.95 ,43805
739,739,67.91,9-Dec-19,45201085,$67.32 ,$68.89 ,$67.02 ,43808
740,740,69.77,10-Dec-19,44199755,$67.99 ,$70.15 ,$67.86 ,43809
741,741,70.54,11-Dec-19,34595810,$70.38 ,$71.44 ,$70.22 ,43810
742,742,71.94,12-Dec-19,38881055,$70.98 ,$72.55 ,$70.65 ,43811
743,743,71.68,13-Dec-19,32871405,$72.21 ,$73.04 ,$70.93 ,43812
744,744,76.3,16-Dec-19,91104700,$72.51 ,$76.72 ,$72.50 ,43815
745,745,75.8,17-Dec-19,42518875,$75.80 ,$77.10 ,$75.18 ,43816
746,746,78.63,18-Dec-19,70681950,$76.13 ,$79.04 ,$76.12 ,43817
747,747,80.81,19-Dec-19,90601550,$79.46 ,$81.37 ,$79.30 ,43818
748,748,81.12,20-Dec-19,73926050,$82.06 ,$82.60 ,$80.04 ,43819
749,749,83.84,23-Dec-19,66664100,$82.36 ,$84.40 ,$82 ,43822
750,750,85.05,24-Dec-19,40273600,$83.67 ,$85.09 ,$82.54 ,43823
751,751,86.19,26-Dec-19,53241450,$85.58 ,$86.70 ,$85.27 ,43825
752,752,86.08,27-Dec-19,49784135,$87 ,$87.06 ,$85.22 ,43826
753,753,82.94,30-Dec-19,63006350,$85.76 ,$85.80 ,$81.85 ,43829
754,754,83.67,31-Dec-19,51462300,$81 ,$84.26 ,$80.42 ,43830
755,755,86.05,2-Jan-20,47791930,$84.90 ,$86.14 ,$84.34 ,43832
756,756,88.6,3-Jan-20,88973500,$88.10 ,$90.80 ,$87.38 ,43833
757,757,90.31,6-Jan-20,50787500,$88.09 ,$90.31 ,$88 ,43836
758,758,93.81,7-Jan-20,91045700,$92.28 ,$94.33 ,$90.67 ,43837
759,759,98.43,8-Jan-20,155996950,$94.74 ,$99.70 ,$93.65 ,43838
760,760,96.27,9-Jan-20,142315950,$99.42 ,$99.76 ,$94.57 ,43839
761,761,95.63,10-Jan-20,64884150,$96.36 ,$96.99 ,$94.74 ,43840
762,762,104.97,13-Jan-20,133172750,$98.70 ,$105.13 ,$98.40 ,43843
763,763,107.58,14-Jan-20,145306900,$108.85 ,$109.48 ,$104.98 ,43844
764,764,103.7,15-Jan-20,86844150,$105.95 ,$107.57 ,$103.36 ,43845
765,765,102.7,16-Jan-20,108683250,$98.75 ,$102.89 ,$98.43 ,43846
766,766,102.1,17-Jan-20,68145350,$101.52 ,$103.13 ,$100.63 ,43847
767,767,109.44,21-Jan-20,89017350,$106.05 ,$109.72 ,$105.68 ,43851
768,768,113.91,22-Jan-20,156845150,$114.38 ,$118.90 ,$111.82 ,43852
769,769,114.44,23-Jan-20,98255200,$112.85 ,$116.40 ,$111.12 ,43853
770,770,112.96,24-Jan-20,71768000,$114.13 ,$114.77 ,$110.85 ,43854
771,771,111.6,27-Jan-20,68040350,$108.40 ,$112.89 ,$107.86 ,43857
772,772,113.38,28-Jan-20,58942450,$113.70 ,$115.36 ,$111.62 ,43858
773,773,116.2,29-Jan-20,91083350,$115.14 ,$117.96 ,$113.49 ,43859
774,774,128.16,30-Jan-20,145028400,$126.48 ,$130.18 ,$123.60 ,43860
775,775,130.11,31-Jan-20,78596350,$128 ,$130.60 ,$126.50 ,43861
776,776,156,3-Feb-20,236167500,$134.74 ,$157.23 ,$134.70 ,43864
777,777,177.41,4-Feb-20,304693800,$176.59 ,$193.80 ,$166.78 ,43865
778,778,146.94,5-Feb-20,242119200,$164.65 ,$169.20 ,$140.82 ,43866
779,779,149.79,6-Feb-20,199403750,$139.98 ,$159.17 ,$137.40 ,43867
780,780,149.61,7-Feb-20,85317600,$146.11 ,$153.95 ,$146 ,43868
781,781,154.26,10-Feb-20,123445800,$160 ,$164.00 ,$150.48 ,43871
782,782,154.88,11-Feb-20,58487350,$153.76 ,$156.70 ,$151.60 ,43872
783,783,153.46,12-Feb-20,60112350,$155.57 ,$157.95 ,$152.67 ,43873
784,784,160.8,13-Feb-20,131446750,$148.37 ,$163.60 ,$147 ,43874
785,785,160.01,14-Feb-20,78468550,$157.44 ,$162.59 ,$157.10 ,43875
786,786,171.68,18-Feb-20,83491850,$168.32 ,$172 ,$166.47 ,43879
787,787,183.48,19-Feb-20,127114800,$184.70 ,$188.96 ,$180.20 ,43880
788,788,179.88,20-Feb-20,88174450,$182.39 ,$182.40 ,$171.99 ,43881
789,789,180.2,21-Feb-20,71697250,$181.40 ,$182.61 ,$176.09 ,43882
790,790,166.76,24-Feb-20,75960800,$167.80 ,$172.70 ,$164.44 ,43885
791,791,159.98,25-Feb-20,86452400,$169.80 ,$171.32 ,$157.40 ,43886
792,792,155.76,26-Feb-20,70769200,$156.50 ,$162.66 ,$155.22 ,43887
793,793,135.8,27-Feb-20,121385800,$146 ,$147.95 ,$133.80 ,43888
794,794,133.6,28-Feb-20,122820850,$125.94 ,$138.10 ,$122.30 ,43889
795,795,148.72,2-Mar-20,100974950,$142.25 ,$148.74 ,$137.33 ,43892
796,796,149.1,3-Mar-20,128920000,$161 ,$161.40 ,$143.22 ,43893
797,797,149.9,4-Mar-20,75244900,$152.79 ,$153.30 ,$144.95 ,43894
798,798,144.91,5-Mar-20,54263300,$144.75 ,$149.15 ,$143.61 ,43895
799,799,140.7,6-Mar-20,63314600,$138.00 ,$141.40 ,$136.85 ,43896
800,800,121.6,9-Mar-20,85368700,$121.08 ,$132.60 ,$121 ,43899
801,801,129.07,10-Mar-20,77972200,$131.89 ,$133.60 ,$121.60 ,43900
802,802,126.85,11-Mar-20,67067950,$128.04 ,$130.72 ,$122.60 ,43901
803,803,112.11,12-Mar-20,94545250,$116.18 ,$118.90 ,$109.25 ,43902
804,804,109.32,13-Mar-20,113201250,$119 ,$121.51 ,$100.40 ,43903
805,805,89.01,16-Mar-20,102447300,$93.90 ,$98.97 ,$88.43 ,43906
806,806,86.04,17-Mar-20,119972900,$88.00 ,$94.37 ,$79.20 ,43907
807,807,72.24,18-Mar-20,118930800,$77.80 ,$80.97 ,$70.10 ,43908
808,808,85.53,19-Mar-20,150977300,$74.94 ,$90.40 ,$71.69 ,43909
809,809,85.51,20-Mar-20,141427500,$87.64 ,$95.40 ,$85.16 ,43910
810,810,86.86,23-Mar-20,82272750,$86.72 ,$88.40 ,$82.10 ,43913
811,811,101,24-Mar-20,114475850,$95.46 ,$102.74 ,$94.80 ,43914
812,812,107.85,25-Mar-20,106113750,$109.05 ,$111.40 ,$102.22 ,43915
813,813,105.63,26-Mar-20,87110400,$109.48 ,$112 ,$102.45 ,43916
814,814,102.87,27-Mar-20,71887050,$101 ,$105.16 ,$98.81 ,43917
815,815,100.43,30-Mar-20,59990350,$102.05 ,$103.33 ,$98.25 ,43920
816,816,104.8,31-Mar-20,88857450,$100.25 ,$108.59 ,$99.40 ,43921
817,817,96.31,1-Apr-20,66765900,$100.80 ,$102.79 ,$95.02 ,43922
818,818,90.89,2-Apr-20,99292150,$96.21 ,$98.85 ,$89.28 ,43923
819,819,96,3-Apr-20,112810400,$101.90 ,$103.10 ,$93.68 ,43924
820,820,103.25,6-Apr-20,74509200,$102.24 ,$104.20 ,$99.59 ,43927
821,821,109.09,7-Apr-20,89598900,$109 ,$113 ,$106.47 ,43928
822,822,109.77,8-Apr-20,63280100,$110.84 ,$111.44 ,$106.67 ,43929
823,823,114.6,9-Apr-20,68250000,$112.42 ,$115.04 ,$111.42 ,43930
824,824,130.19,13-Apr-20,112377100,$118.03 ,$130.40 ,$116.11 ,43934
825,825,141.98,14-Apr-20,152882550,$139.79 ,$148.38 ,$138.49 ,43935
826,826,145.97,15-Apr-20,117885000,$148.40 ,$150.63 ,$142 ,43936
827,827,149.04,16-Apr-20,103289300,$143.39 ,$151.89 ,$141.34 ,43937
828,828,150.78,17-Apr-20,65641150,$154.46 ,$154.99 ,$149.53 ,43938
829,829,149.27,20-Apr-20,73731850,$146.54 ,$153.11 ,$142.44 ,43941
830,830,137.34,21-Apr-20,101045450,$146.02 ,$150.67 ,$134.76 ,43942
831,831,146.42,22-Apr-20,71124150,$140.80 ,$146.80 ,$137.74 ,43943
832,832,141.13,23-Apr-20,66183500,$145.52 ,$146.80 ,$140.63 ,43944
833,833,145.03,24-Apr-20,66188050,$142.16 ,$146.15 ,$139.64 ,43945
834,834,159.75,27-Apr-20,103407200,$147.52 ,$159.90 ,$147 ,43948
835,835,153.82,28-Apr-20,76109800,$159.13 ,$161 ,$151.34 ,43949
836,836,160.1,29-Apr-20,81079900,$158.03 ,$160.64 ,$156.63 ,43950
837,837,156.38,30-Apr-20,142359250,$171.04 ,$173.96 ,$152.70 ,43951
838,838,140.26,1-May-20,162659050,$151 ,$154.55 ,$136.61 ,43952
839,839,152.24,4-May-20,96185450,$140.20 ,$152.40 ,$139.60 ,43955
840,840,153.64,5-May-20,84958300,$157.96 ,$159.78 ,$152.44 ,43956
841,841,156.52,6-May-20,55616150,$155.30 ,$157.96 ,$152.22 ,43957
842,842,156.01,7-May-20,57638450,$155.44 ,$159.28 ,$154.47 ,43958
843,843,163.88,8-May-20,80650450,$158.75 ,$164.80 ,$157.40 ,43959
844,844,162.26,11-May-20,82598000,$158.10 ,$164.80 ,$157 ,43962
845,845,161.88,12-May-20,79534550,$165.40 ,$168.66 ,$161.60 ,43963
846,846,158.19,13-May-20,95327450,$164.17 ,$165.20 ,$152.66 ,43964
847,847,160.67,14-May-20,68410950,$156 ,$160.67 ,$152.80 ,43965
848,848,159.83,15-May-20,52592150,$158.07 ,$161.01 ,$157.31 ,43966
849,849,162.73,18-May-20,58490500,$165.56 ,$166.94 ,$160.78 ,43969
850,850,161.6,19-May-20,48182610,$163.03 ,$164.41 ,$161.22 ,43970
851,851,163.11,20-May-20,36546355,$164.10 ,$165.20 ,$162.36 ,43971
852,852,165.52,21-May-20,61272900,$163.20 ,$166.50 ,$159.20 ,43972
853,853,163.38,22-May-20,49937375,$164.43 ,$166.36 ,$162.40 ,43973
854,854,163.77,26-May-20,40448680,$166.90 ,$166.92 ,$163.14 ,43977
855,855,164.05,27-May-20,57747650,$164.17 ,$165.54 ,$157 ,43978
856,856,161.16,28-May-20,36378870,$162.70 ,$164.95 ,$160.34 ,43979
857,857,167,29-May-20,59062450,$161.75 ,$167 ,$160.84 ,43980
858,858,179.62,1-Jun-20,75426500,$171.60 ,$179.80 ,$170.82 ,43983
859,859,176.31,2-Jun-20,67828000,$178.94 ,$181.73 ,$174.20 ,43984
860,860,176.59,3-Jun-20,39747345,$177.62 ,$179.59 ,$176.02 ,43985
861,861,172.88,4-Jun-20,44438565,$177.98 ,$179.15 ,$171.69 ,43986
862,862,177.13,5-Jun-20,39059585,$175.57 ,$177.30 ,$173.24 ,43987
863,863,189.98,8-Jun-20,70873650,$183.80 ,$190 ,$181.83 ,43990
864,864,188.13,9-Jun-20,56940750,$188.00 ,$190.89 ,$184.79 ,43991
865,865,205.01,10-Jun-20,92817050,$198.38 ,$205.50 ,$196.50 ,43992
866,866,194.57,11-Jun-20,79582400,$198.04 ,$203.79 ,$194.40 ,43993
867,867,187.06,12-Jun-20,83816850,$196 ,$197.60 ,$182.52 ,43994
868,868,198.18,15-Jun-20,78485900,$183.56 ,$199.77 ,$181.70 ,43997
869,869,196.43,16-Jun-20,70255400,$202.37 ,$202.58 ,$192.48 ,43998
870,870,198.36,17-Jun-20,49454000,$197.54 ,$201 ,$196.51 ,43999
871,871,200.79,18-Jun-20,48759680,$200.60 ,$203.84 ,$198.89 ,44000
872,872,200.18,19-Jun-20,43398745,$202.56 ,$203.19 ,$198.27 ,44001
873,873,198.86,22-Jun-20,31811750,$199.99 ,$201.78 ,$198.00 ,44004
874,874,200.36,23-Jun-20,31826355,$199.78 ,$202.40 ,$198.80 ,44005
875,875,192.17,24-Jun-20,54797950,$198.82 ,$200.18 ,$190.63 ,44006
876,876,197.2,25-Jun-20,46272745,$190.85 ,$197.20 ,$187.43 ,44007
877,877,191.95,26-Jun-20,44274540,$198.96 ,$199 ,$190.97 ,44008
878,878,201.87,29-Jun-20,45132020,$193.80 ,$202 ,$189.70 ,44011
879,879,215.96,30-Jun-20,84592500,$201.30 ,$217.54 ,$200.75 ,44012
880,880,223.93,1-Jul-20,66634500,$216.60 ,$227.07 ,$216.10 ,44013
881,881,241.73,2-Jul-20,86250600,$244.30 ,$245.60 ,$237.12 ,44014
882,882,274.32,6-Jul-20,102849300,$255.34 ,$275.56 ,$253.21 ,44018
883,883,277.97,7-Jul-20,107448300,$281.00 ,$285.90 ,$267.34 ,44019
884,884,273.18,8-Jul-20,81556550,$281 ,$283.45 ,$262.27 ,44020
885,885,278.86,9-Jul-20,58588000,$279.40 ,$281.71 ,$270.26 ,44021
886,886,308.93,10-Jul-20,116687750,$279.20 ,$309.78 ,$275.20 ,44022
887,887,299.41,13-Jul-20,194926800,$331.80 ,$359.00 ,$294.22 ,44025
888,888,303.36,14-Jul-20,117090700,$311.20 ,$318 ,$286.20 ,44026
889,889,309.2,15-Jul-20,81839150,$308.60 ,$310 ,$291.40 ,44027
890,890,300.13,16-Jul-20,71503950,$295.43 ,$306.34 ,$293.20 ,44028
891,891,300.17,17-Jul-20,46649860,$302.69 ,$307.50 ,$298 ,44029
892,892,328.6,20-Jul-20,85606850,$303.80 ,$330 ,$297.60 ,44032
893,893,313.67,21-Jul-20,80786400,$327.99 ,$335 ,$311.60 ,44033
894,894,318.47,22-Jul-20,70805400,$319.80 ,$325.28 ,$312.40 ,44034
895,895,302.61,23-Jul-20,121642500,$335.79 ,$337.80 ,$296.15 ,44035
896,896,283.4,24-Jul-20,96983100,$283.20 ,$293 ,$273.31 ,44036
897,897,307.92,27-Jul-20,80243350,$287 ,$309.59 ,$282.60 ,44039
898,898,295.3,28-Jul-20,79043500,$300.80 ,$312.94 ,$294.88 ,44040
899,899,299.82,29-Jul-20,47134465,$300.20 ,$306.96 ,$297.40 ,44041
900,900,297.5,30-Jul-20,38105195,$297.60 ,$302.65 ,$294.20 ,44042
901,901,286.15,31-Jul-20,61234800,$303 ,$303.41 ,$284.20 ,44043
902,902,297,3-Aug-20,44046730,$289.84 ,$301.96 ,$288.88 ,44046
903,903,297.4,4-Aug-20,42074950,$299.00 ,$305.48 ,$292.40 ,44047
904,904,297,5-Aug-20,24890075,$298.60 ,$299.97 ,$293.66 ,44048
905,905,297.92,6-Aug-20,29961565,$298.17 ,$303.46 ,$295.45 ,44049
906,906,290.54,7-Aug-20,44482100,$299.91 ,$299.95 ,$283.00 ,44050
907,907,283.71,10-Aug-20,37611320,$289.60 ,$291.50 ,$277.17 ,44053
908,908,274.88,11-Aug-20,43129170,$279.20 ,$284 ,$273 ,44054
909,909,310.95,12-Aug-20,109494150,$294 ,$317 ,$287 ,44055
910,910,324.2,13-Aug-20,102126550,$322.20 ,$330.24 ,$313.45 ,44056
911,911,330.14,14-Aug-20,62888050,$333.00 ,$333.76 ,$325.33 ,44057
912,912,367.13,17-Aug-20,101211600,$335.40 ,$369.17 ,$334.57 ,44060
913,913,377.42,18-Aug-20,82372450,$379.80 ,$384.78 ,$369.02 ,44061
914,914,375.71,19-Aug-20,61026650,$373 ,$382.20 ,$368.24 ,44062
915,915,400.37,20-Aug-20,103059000,$372.14 ,$404.40 ,$371.41 ,44063
916,916,410,21-Aug-20,107447800,$408.95 ,$419.10 ,$405.01 ,44064
917,917,402.84,24-Aug-20,100318100,$425.26 ,$425.80 ,$385.50 ,44067
918,918,404.67,25-Aug-20,53294450,$394.98 ,$405.59 ,$393.60 ,44068
919,919,430.63,26-Aug-20,71196900,$412 ,$433.20 ,$410.73 ,44069
920,920,447.75,27-Aug-20,118465200,$436.09 ,$459.12 ,$428.50 ,44070
921,921,442.68,28-Aug-20,100405900,$459.02 ,$463.70 ,$437.30 ,44071
922,922,498.32,31-Aug-20,118374400,$444.61 ,$500.14 ,$440.11 ,44074
923,923,475.05,1-Sep-20,90119420,$502.14 ,$502.49 ,$470.51 ,44075
924,924,447.37,2-Sep-20,96176130,$478.99 ,$479.04 ,$405.12 ,44076
925,925,407,3-Sep-20,87596090,$407.23 ,$431.80 ,$402 ,44077
926,926,418.32,4-Sep-20,110321900,$402.81 ,$428 ,$372.02 ,44078
927,927,330.21,8-Sep-20,115465700,$356 ,$368.74 ,$329.88 ,44082
928,928,366.28,9-Sep-20,79465770,$356.60 ,$369 ,$341.51 ,44083
929,929,371.34,10-Sep-20,84930610,$386.21 ,$398.99 ,$360.56 ,44084
930,930,372.72,11-Sep-20,60717460,$381.94 ,$382.50 ,$360.50 ,44085
931,931,419.62,14-Sep-20,83020610,$380.95 ,$420 ,$373.30 ,44088
932,932,449.76,15-Sep-20,97298230,$436.56 ,$461.94 ,$430.70 ,44089
933,933,441.76,16-Sep-20,72546760,$439.87 ,$457.79 ,$435.31 ,44090
934,934,423.43,17-Sep-20,76779160,$415.60 ,$437.79 ,$408.00 ,44091
935,935,442.15,18-Sep-20,86406820,$447.94 ,$451 ,$428.80 ,44092
936,936,449.39,21-Sep-20,109476800,$453.13 ,$455.68 ,$407.07 ,44095
937,937,424.23,22-Sep-20,79580800,$429.60 ,$437.76 ,$417.60 ,44096
938,938,380.36,23-Sep-20,95074180,$405.16 ,$412.15 ,$375.88 ,44097
939,939,387.79,24-Sep-20,96561060,$363.80 ,$399.50 ,$351.30 ,44098
940,940,407.34,25-Sep-20,67208460,$393.47 ,$408.73 ,$391.30 ,44099
941,941,421.2,28-Sep-20,49719560,$424.62 ,$428.08 ,$415.55 ,44102
942,942,419.07,29-Sep-20,50341400,$416 ,$428.50 ,$411.60 ,44103
943,943,429.01,30-Sep-20,48145570,$421.32 ,$433.93 ,$420.47 ,44104
944,944,448.16,1-Oct-20,50741450,$440.76 ,$448.88 ,$434.42 ,44105
945,945,415.09,2-Oct-20,71430030,$421.39 ,$439.13 ,$415 ,44106
946,946,425.68,5-Oct-20,44722790,$423.35 ,$433.64 ,$419.33 ,44109
947,947,413.98,6-Oct-20,49146260,$423.79 ,$428.78 ,$406.05 ,44110
948,948,425.3,7-Oct-20,43127710,$419.87 ,$429.90 ,$413.85 ,44111
949,949,425.92,8-Oct-20,40421120,$438.44 ,$439 ,$425.30 ,44112
950,950,434,9-Oct-20,28925660,$430.13 ,$434.59 ,$426.46 ,44113
951,951,442.3,12-Oct-20,38791130,$442 ,$448.74 ,$438.58 ,44116
952,952,446.65,13-Oct-20,34463670,$443.35 ,$448.89 ,$436.60 ,44117
953,953,461.3,14-Oct-20,48045390,$449.78 ,$465.90 ,$447.35 ,44118
954,954,448.88,15-Oct-20,35672350,$450.31 ,$456.57 ,$442.50 ,44119
955,955,439.67,16-Oct-20,32775880,$454.44 ,$455.95 ,$438.85 ,44120
956,956,430.83,19-Oct-20,36287840,$446.24 ,$447 ,$428.87 ,44123
957,957,421.94,20-Oct-20,31656290,$431.75 ,$431.75 ,$419.05 ,44124
958,958,422.64,21-Oct-20,32370460,$422.70 ,$432.95 ,$421.25 ,44125
959,959,425.79,22-Oct-20,39993190,$441.92 ,$445.23 ,$424.51 ,44126
960,960,420.63,23-Oct-20,33716980,$421.84 ,$422.89 ,$407.38 ,44127
961,961,420.28,26-Oct-20,28239160,$411.63 ,$425.76 ,$410 ,44130
962,962,424.68,27-Oct-20,22686510,$423.76 ,$430.50 ,$420.10 ,44131
963,963,406.02,28-Oct-20,25451410,$416.48 ,$418.60 ,$406 ,44132
964,964,410.83,29-Oct-20,22655310,$409.96 ,$418.06 ,$406.46 ,44133
965,965,388.04,30-Oct-20,42587640,$406.90 ,$407.59 ,$379.11 ,44134
966,966,400.51,2-Nov-20,29021120,$394 ,$406.98 ,$392.30 ,44137
967,967,423.9,3-Nov-20,34351720,$409.73 ,$427.77 ,$406.69 ,44138
968,968,420.98,4-Nov-20,32143060,$430.62 ,$435.40 ,$417.10 ,44139
969,969,438.09,5-Nov-20,28414520,$428.30 ,$440 ,$424.00 ,44140
970,970,429.95,6-Nov-20,21706010,$436.10 ,$436.57 ,$424.28 ,44141
971,971,421.26,9-Nov-20,34833030,$439.50 ,$452.50 ,$421 ,44144
972,972,410.36,10-Nov-20,30284220,$420.09 ,$420.09 ,$396.03 ,44145
973,973,417.13,11-Nov-20,17357720,$416.45 ,$418.70 ,$410.58 ,44146
974,974,411.76,12-Nov-20,19940500,$415.05 ,$423 ,$409.52 ,44147
975,975,408.5,13-Nov-20,19830350,$410.85 ,$412.53 ,$401.66 ,44148
976,976,408.09,16-Nov-20,26838640,$408.93 ,$412.45 ,$404.09 ,44151
977,977,441.61,17-Nov-20,61188280,$460.17 ,$462 ,$433.01 ,44152
978,978,486.64,18-Nov-20,78044020,$448.35 ,$496 ,$443.50 ,44153
979,979,499.27,19-Nov-20,62475350,$492 ,$508.61 ,$487.57 ,44154
980,980,489.61,20-Nov-20,32911920,$497.99 ,$502.50 ,$489.06 ,44155
981,981,521.85,23-Nov-20,50260300,$503.50 ,$526 ,$501.79 ,44158
982,982,555.38,24-Nov-20,53648490,$540.40 ,$559.99 ,$526.20 ,44159
983,983,574,25-Nov-20,48930160,$550.06 ,$574 ,$545.37 ,44160
984,984,585.76,27-Nov-20,37561080,$581.16 ,$598.78 ,$578.45 ,44162
985,985,567.6,30-Nov-20,63003050,$602.21 ,$607.80 ,$554.51 ,44165
986,986,584.76,1-Dec-20,40382830,$597.59 ,$597.85 ,$572.05 ,44166
987,987,568.82,2-Dec-20,47775650,$556.44 ,$571.54 ,$541.21 ,44167
988,988,593.38,3-Dec-20,42552000,$590.02 ,$598.97 ,$582.43 ,44168
989,989,599.04,4-Dec-20,29401310,$591.01 ,$599.04 ,$585.50 ,44169
990,990,641.76,7-Dec-20,56309710,$604.92 ,$648.79 ,$603.05 ,44172
991,991,649.88,8-Dec-20,64265030,$625.51 ,$651.28 ,$618.50 ,44173
992,992,604.48,9-Dec-20,71291190,$653.69 ,$654.32 ,$588 ,44174
993,993,627.07,10-Dec-20,67083150,$574.37 ,$627.75 ,$566.34 ,44175
994,994,609.99,11-Dec-20,46474970,$615.01 ,$624 ,$596.80 ,44176
995,995,639.83,14-Dec-20,52040650,$619 ,$642.75 ,$610.20 ,44179
996,996,633.25,15-Dec-20,45223560,$643.28 ,$646.90 ,$623.80 ,44180
997,997,622.77,16-Dec-20,42095810,$628.23 ,$632.50 ,$605 ,44181
998,998,655.9,17-Dec-20,56270140,$628.19 ,$658.82 ,$619.50 ,44182
999,999,695,18-Dec-20,222126200,$668.90 ,$695 ,$628.54 ,44183
1000,1000,649.86,21-Dec-20,58045260,$666.24 ,$668.50 ,$646.07 ,44186
1001,1001,640.34,22-Dec-20,51861640,$648 ,$649.88 ,$614.23 ,44187
1002,1002,645.98,23-Dec-20,33172970,$632.20 ,$651.50 ,$622.57 ,44188
1003,1003,661.77,24-Dec-20,22865570,$642.99 ,$666.09 ,$641 ,44189
1004,1004,663.69,28-Dec-20,32278560,$674.51 ,$681.40 ,$660.80 ,44193
1005,1005,665.99,29-Dec-20,22910810,$661 ,$669.90 ,$655 ,44194
1006,1006,694.78,30-Dec-20,42846020,$672 ,$696.60 ,$668.36 ,44195
1007,1007,705.67,31-Dec-20,49649930,$699.99 ,$718.72 ,$691.12 ,44196
1008,1008,729.77,4-Jan-21,48638190,$719.46 ,$744.49 ,$717.19 ,44200
1009,1009,735.11,5-Jan-21,32245170,$723.66 ,$740.84 ,$719.20 ,44201
1010,1010,755.98,6-Jan-21,44699970,$758.49 ,$774 ,$749.10 ,44202
1011,1011,816.04,7-Jan-21,51498950,$777.63 ,$816.99 ,$775.20 ,44203
1012,1012,880.02,8-Jan-21,75055530,$856 ,$884.49 ,$838.39 ,44204
1013,1013,811.19,11-Jan-21,59554150,$849.40 ,$854.43 ,$803.62 ,44207
1014,1014,849.44,12-Jan-21,46270720,$831 ,$868 ,$827.34 ,44208
1015,1015,854.41,13-Jan-21,33312500,$852.76 ,$860.47 ,$832 ,44209
1016,1016,845,14-Jan-21,31266330,$843.39 ,$863 ,$838.75 ,44210
1017,1017,826.16,15-Jan-21,38777600,$852 ,$859.90 ,$819.10 ,44211
1018,1018,844.55,19-Jan-21,25366980,$837.80 ,$850 ,$833 ,44215
1019,1019,850.45,20-Jan-21,25665880,$858.74 ,$859.50 ,$837.28 ,44216
1020,1020,844.99,21-Jan-21,20598130,$855 ,$855.72 ,$841.42 ,44217
1021,1021,846.64,22-Jan-21,20066500,$834.31 ,$848 ,$828.62 ,44218
1022,1022,880.8,25-Jan-21,41173400,$855 ,$900.40 ,$838.82 ,44221
1023,1023,883.09,26-Jan-21,23131600,$891.38 ,$895.90 ,$871.60 ,44222
1024,1024,864.16,27-Jan-21,27333960,$870.35 ,$891.50 ,$858.66 ,44223
1025,1025,835.43,28-Jan-21,26378050,$820 ,$848 ,$801 ,44224
1026,1026,793.53,29-Jan-21,34990750,$830 ,$842.41 ,$780.10 ,44225
1027,1027,839.81,1-Feb-21,25391390,$814.29 ,$842 ,$795.56 ,44228
1028,1028,872.79,2-Feb-21,24346210,$844.68 ,$880.50 ,$842.20 ,44229
1029,1029,854.69,3-Feb-21,18343510,$877.02 ,$878.08 ,$853.06 ,44230
1030,1030,849.99,4-Feb-21,15812660,$855 ,$856.50 ,$833.42 ,44231
1031,1031,852.23,5-Feb-21,18566640,$845 ,$864.77 ,$838.97 ,44232
1032,1032,863.42,8-Feb-21,20161720,$869.67 ,$877.77 ,$854.75 ,44235
1033,1033,849.46,9-Feb-21,15157650,$855.12 ,$859.80 ,$841.75 ,44236
1034,1034,804.82,10-Feb-21,36216090,$843.64 ,$844.82 ,$800.02 ,44237
1035,1035,811.66,11-Feb-21,21622750,$812.44 ,$829.88 ,$801.73 ,44238
1036,1036,816.12,12-Feb-21,23768310,$801.26 ,$817.33 ,$785.33 ,44239
1037,1037,796.22,16-Feb-21,19802320,$818 ,$821 ,$792.44 ,44243
1038,1038,798.15,17-Feb-21,26078900,$779.09 ,$799.84 ,$762.01 ,44244
1039,1039,787.38,18-Feb-21,17957060,$780.90 ,$794.69 ,$776.27 ,44245
1040,1040,781.3,19-Feb-21,18958260,$795 ,$796.79 ,$777.37 ,44246
1041,1041,714.5,22-Feb-21,37269720,$762.64 ,$768.50 ,$710.20 ,44249
1042,1042,698.84,23-Feb-21,66606880,$662.13 ,$713.61 ,$619 ,44250
1043,1043,742.02,24-Feb-21,36766950,$711.85 ,$745 ,$694.17 ,44251
1044,1044,682.22,25-Feb-21,39023860,$726.15 ,$737.21 ,$670.58 ,44252
1045,1045,675.5,26-Feb-21,41089170,$700 ,$706.70 ,$659.51 ,44253
1046,1046,718.43,1-Mar-21,27136240,$690.11 ,$872 ,$685.05 ,44256
1047,1047,686.44,2-Mar-21,23732160,$718.28 ,$721.11 ,$685 ,44257
1048,1048,653.2,3-Mar-21,30207960,$687.99 ,$700.70 ,$651.71 ,44258
1049,1049,621.44,4-Mar-21,65919530,$655.80 ,$873.94 ,$600 ,44259
1050,1050,597.95,5-Mar-21,89396460,$626.06 ,$627.84 ,$539.49 ,44260
1051,1051,563,8-Mar-21,51786960,$600.55 ,$620.13 ,$558.79 ,44263
1052,1052,673.58,9-Mar-21,67523330,$608.18 ,$678.09 ,$595.21 ,44264
1053,1053,668.06,10-Mar-21,60605670,$700.30 ,$717.85 ,$655.06 ,44265
1054,1054,699.6,11-Mar-21,36253890,$699.40 ,$702.50 ,$677.18 ,44266
1055,1055,693.73,12-Mar-21,33583840,$670 ,$694.88 ,$666.14 ,44267
1056,1056,707.94,15-Mar-21,29423480,$694.09 ,$713.18 ,$684.04 ,44270
1057,1057,676.88,16-Mar-21,32195670,$703.35 ,$707.92 ,$671 ,44271
1058,1058,701.81,17-Mar-21,40372450,$656.87 ,$703.73 ,$651.01 ,44272
1059,1059,653.16,18-Mar-21,33369020,$684.29 ,$689.23 ,$652 ,44273
1060,1060,654.87,19-Mar-21,42893980,$646.60 ,$657.23 ,$624.62 ,44274
1061,1061,670,22-Mar-21,39512220,$684.59 ,$699.62 ,$668.75 ,44277
1062,1062,662.16,23-Mar-21,30491870,$675.77 ,$677.80 ,$657.51 ,44278
1063,1063,630.27,24-Mar-21,33795170,$667.91 ,$668.02 ,$630.11 ,44279
1064,1064,640.39,25-Mar-21,39224850,$613 ,$645.50 ,$609.50 ,44280
1065,1065,618.71,26-Mar-21,33852830,$641.87 ,$643.82 ,$599.89 ,44281
1066,1066,611.29,29-Mar-21,28636990,$615.64 ,$616.48 ,$596.02 ,44284
1067,1067,635.62,30-Mar-21,39432360,$601.75 ,$637.66 ,$591.01 ,44285
1068,1068,667.93,31-Mar-21,33337290,$646.62 ,$672 ,$641.11 ,44286
1069,1069,661.75,1-Apr-21,35298380,$688.37 ,$692.42 ,$659.42 ,44287
1070,1070,691.05,5-Apr-21,41842770,$707.71 ,$708.16 ,$684.70 ,44291
1071,1071,691.62,6-Apr-21,28271840,$690.30 ,$696.55 ,$681.37 ,44292
1072,1072,670.97,7-Apr-21,26309430,$687 ,$691.38 ,$667.84 ,44293
1073,1073,683.8,8-Apr-21,23924330,$677.38 ,$689.55 ,$671.65 ,44294
1074,1074,677.02,9-Apr-21,21437090,$677.77 ,$680.97 ,$669.43 ,44295
1075,1075,701.98,12-Apr-21,29135670,$685.70 ,$704.80 ,$682.09 ,44298
1076,1076,762.32,13-Apr-21,44652810,$712.70 ,$763 ,$710.66 ,44299
1077,1077,732.23,14-Apr-21,49017430,$770.70 ,$780.79 ,$728.03 ,44300
1078,1078,738.85,15-Apr-21,27848900,$743.10 ,$743.69 ,$721.31 ,44301
1079,1079,739.78,16-Apr-21,27979530,$728.65 ,$749.41 ,$724.60 ,44302
1080,1080,714.63,19-Apr-21,39686230,$719.60 ,$725.40 ,$691.80 ,44305
1081,1081,718.99,20-Apr-21,35609040,$717.42 ,$737.25 ,$710.69 ,44306
1082,1082,744.12,21-Apr-21,31215510,$704.77 ,$744.84 ,$698 ,44307
1083,1083,719.69,22-Apr-21,35590260,$741.50 ,$753.77 ,$718.04 ,44308
1084,1084,729.4,23-Apr-21,28413890,$719.80 ,$737.36 ,$715.46 ,44309
1085,1085,738.2,26-Apr-21,31038500,$741 ,$749.30 ,$732.61 ,44312
1086,1086,704.74,27-Apr-21,29437000,$717.96 ,$724 ,$703.35 ,44313
1087,1087,694.4,28-Apr-21,22271050,$696.41 ,$708.50 ,$693.60 ,44314
1088,1088,677,29-Apr-21,28845450,$699.51 ,$702.25 ,$668.50 ,44315
1089,1089,709.44,30-Apr-21,40758720,$667.59 ,$715.47 ,$666.14 ,44316
1090,1090,684.9,3-May-21,27043140,$703.80 ,$706 ,$680.50 ,44319
1091,1091,673.6,4-May-21,29739320,$678.94 ,$683.45 ,$657.70 ,44320
1092,1092,670.94,5-May-21,21901890,$681.06 ,$685.30 ,$667.34 ,44321
1093,1093,663.54,6-May-21,27784620,$680.76 ,$681.02 ,$650 ,44322
1094,1094,672.37,7-May-21,23469170,$665.80 ,$690 ,$660.22 ,44323
1095,1095,629.04,10-May-21,31392420,$664.90 ,$665.05 ,$627.61 ,44326
1096,1096,617.2,11-May-21,46503900,$599.24 ,$627.10 ,$595.60 ,44327
1097,1097,589.89,12-May-21,33823650,$602.49 ,$620.41 ,$586.77 ,44328
1098,1098,571.69,13-May-21,44184920,$601.55 ,$606.46 ,$559.65 ,44329
1099,1099,589.74,14-May-21,33370860,$583.41 ,$592.87 ,$570.46 ,44330
1100,1100,576.83,17-May-21,32247800,$575.55 ,$589.73 ,$561.20 ,44333
1101,1101,577.87,18-May-21,36830570,$568 ,$596.25 ,$563.38 ,44334
1102,1102,563.46,19-May-21,39578400,$552.55 ,$566.21 ,$546.98 ,44335
1103,1103,586.78,20-May-21,30821120,$575 ,$588.85 ,$571.07 ,44336
1104,1104,580.88,21-May-21,26030600,$596.11 ,$596.68 ,$580 ,44337
1105,1105,606.44,24-May-21,34558090,$581.60 ,$614.48 ,$573.65 ,44340
1106,1106,604.69,25-May-21,28005930,$607.31 ,$613.99 ,$595.71 ,44341
1107,1107,619.13,26-May-21,28639310,$607.56 ,$626.17 ,$601.50 ,44342
1108,1108,630.85,27-May-21,26370590,$620.24 ,$631.13 ,$616.21 ,44343
1109,1109,625.22,28-May-21,22737040,$628.50 ,$635.59 ,$622.38 ,44344
1110,1110,623.9,1-Jun-21,18084890,$627.80 ,$633.80 ,$620.55 ,44348
1111,1111,605.12,2-Jun-21,23302780,$620.13 ,$623.36 ,$599.14 ,44349
1112,1112,572.84,3-Jun-21,30111890,$601.80 ,$604.55 ,$571.22 ,44350
1113,1113,599.05,4-Jun-21,24036900,$579.71 ,$600.61 ,$577.20 ,44351
1114,1114,605.13,7-Jun-21,22543680,$591.83 ,$610 ,$582.88 ,44354
1115,1115,603.59,8-Jun-21,26053410,$623.01 ,$623.09 ,$595.50 ,44355
1116,1116,598.78,9-Jun-21,16584570,$602.17 ,$611.79 ,$597.63 ,44356
1117,1117,610.12,10-Jun-21,23919610,$603.88 ,$616.59 ,$600.50 ,44357
1118,1118,609.89,11-Jun-21,16205300,$610.23 ,$612.56 ,$601.52 ,44358
1119,1119,617.69,14-Jun-21,20423980,$612.23 ,$625.49 ,$609.18 ,44361
1120,1120,599.36,15-Jun-21,17764150,$616.69 ,$616.79 ,$598.23 ,44362
1121,1121,604.87,16-Jun-21,22144130,$597.54 ,$608.50 ,$593.50 ,44363
1122,1122,616.6,17-Jun-21,22701350,$601.89 ,$621.47 ,$601.34 ,44364
1123,1123,623.31,18-Jun-21,24560910,$613.37 ,$628.35 ,$611.80 ,44365
1124,1124,620.83,21-Jun-21,24812740,$624.48 ,$631.39 ,$608.88 ,44368
1125,1125,623.71,22-Jun-21,19158890,$618.25 ,$628.57 ,$615.50 ,44369
1126,1126,656.57,23-Jun-21,31099230,$632 ,$657.20 ,$630.04 ,44370
1127,1127,679.82,24-Jun-21,45982390,$674.99 ,$697.62 ,$667.61 ,44371
1128,1128,671.87,25-Jun-21,32496710,$689.58 ,$693.81 ,$668.70 ,44372
1129,1129,688.72,28-Jun-21,21628160,$671.64 ,$694.70 ,$670.32 ,44375
1130,1130,680.76,29-Jun-21,17381310,$684.65 ,$687.51 ,$675.89 ,44376
1131,1131,679.7,30-Jun-21,18924860,$679.77 ,$692.81 ,$678.14 ,44377
1132,1132,677.92,1-Jul-21,18634520,$683.92 ,$687.99 ,$672.80 ,44378
1133,1133,678.9,2-Jul-21,27097370,$678.98 ,$700 ,$673.26 ,44379
1134,1134,659.58,6-Jul-21,23284450,$681.71 ,$684 ,$651.40 ,44383
1135,1135,644.65,7-Jul-21,18791960,$664.27 ,$665.70 ,$638.32 ,44384
1136,1136,652.81,8-Jul-21,22773320,$628.37 ,$654.43 ,$620.46 ,44385
1137,1137,656.95,9-Jul-21,18140550,$653.19 ,$658.91 ,$644.69 ,44386
1138,1138,685.7,12-Jul-21,25927040,$662.20 ,$687.24 ,$662.16 ,44389
1139,1139,668.54,13-Jul-21,20966090,$686.32 ,$693.28 ,$666.30 ,44390
1140,1140,653.38,14-Jul-21,21641190,$670.75 ,$678.61 ,$652.84 ,44391
1141,1141,650.6,15-Jul-21,20209570,$658.39 ,$666.14 ,$637.88 ,44392
1142,1142,644.22,16-Jul-21,16370970,$654.68 ,$656.70 ,$642.20 ,44393
1143,1143,646.22,19-Jul-21,21297090,$629.89 ,$647.20 ,$621.29 ,44396
1144,1144,660.5,20-Jul-21,15487130,$651.99 ,$662.39 ,$640.50 ,44397
1145,1145,655.29,21-Jul-21,13953340,$659.61 ,$664.86 ,$650.29 ,44398
1146,1146,649.26,22-Jul-21,15105730,$656.44 ,$662.17 ,$644.60 ,44399
1147,1147,643.38,23-Jul-21,14604940,$646.36 ,$648.80 ,$637.30 ,44400
1148,1148,657.62,26-Jul-21,25336560,$650.97 ,$668.20 ,$647.11 ,44403
1149,1149,644.78,27-Jul-21,32813290,$663.40 ,$666.50 ,$627.24 ,44404
1150,1150,646.98,28-Jul-21,16006600,$647.00 ,$654.97 ,$639.40 ,44405
1151,1151,677.35,29-Jul-21,30394640,$649.79 ,$683.69 ,$648.80 ,44406
1152,1152,687.2,30-Jul-21,29656410,$671.76 ,$697.53 ,$669 ,44407
1153,1153,709.67,2-Aug-21,33615770,$700 ,$726.94 ,$698.40 ,44410
1154,1154,709.74,3-Aug-21,21620250,$719 ,$722.65 ,$701.01 ,44411
1155,1155,710.92,4-Aug-21,17002650,$711 ,$724.90 ,$708.93 ,44412
1156,1156,714.63,5-Aug-21,12919640,$716 ,$720.95 ,$711.41 ,44413
1157,1157,699.1,6-Aug-21,15623050,$711.90 ,$716.33 ,$697.63 ,44414
1158,1158,713.76,9-Aug-21,14715350,$710.17 ,$719.03 ,$705.13 ,44417
1159,1159,709.99,10-Aug-21,13432310,$713.99 ,$716.59 ,$701.88 ,44418
1160,1160,707.82,11-Aug-21,9800558,$712.71 ,$715.18 ,$704.21 ,44419
1161,1161,722.25,12-Aug-21,17681690,$706.34 ,$722.80 ,$699.40 ,44420
1162,1162,717.17,13-Aug-21,16731470,$723.71 ,$729.90 ,$714.34 ,44421
1163,1163,686.17,16-Aug-21,23103300,$705.07 ,$709.50 ,$676.40 ,44424
1164,1164,665.71,17-Aug-21,23721280,$672.66 ,$674.58 ,$648.84 ,44425
1165,1165,688.99,18-Aug-21,20349380,$669.75 ,$695.77 ,$669.35 ,44426
1166,1166,673.47,19-Aug-21,14313490,$678.21 ,$686.55 ,$667.59 ,44427
1167,1167,680.26,20-Aug-21,14841870,$682.85 ,$692.13 ,$673.70 ,44428
1168,1168,706.3,23-Aug-21,20264860,$685.44 ,$712.13 ,$680.75 ,44431
1169,1169,708.49,24-Aug-21,13083070,$710.68 ,$715.22 ,$702.64 ,44432
1170,1170,711.2,25-Aug-21,12645560,$707.03 ,$716.97 ,$704 ,44433
1171,1171,701.16,26-Aug-21,13214290,$708.31 ,$715.40 ,$697.62 ,44434
1172,1172,711.92,27-Aug-21,13833760,$705 ,$715 ,$702.10 ,44435
1173,1173,730.91,30-Aug-21,18604220,$714.72 ,$731 ,$712.73 ,44438
1174,1174,735.72,31-Aug-21,20855440,$733 ,$740.39 ,$726.44 ,44439
1175,1175,734.09,1-Sep-21,13204340,$734.08 ,$741.99 ,$731.27 ,44440
1176,1176,732.39,2-Sep-21,12796740,$734.50 ,$740.97 ,$730.54 ,44441
1177,1177,733.57,3-Sep-21,15271050,$732.25 ,$734 ,$724.20 ,44442
1178,1178,752.92,7-Sep-21,20039830,$740 ,$760.20 ,$739.26 ,44446
1179,1179,753.87,8-Sep-21,18793040,$761.58 ,$764.45 ,$740.77 ,44447
1180,1180,754.86,9-Sep-21,14077730,$753.41 ,$762.10 ,$751.63 ,44448
1181,1181,736.27,10-Sep-21,15184170,$759.60 ,$762.61 ,$734.52 ,44449
1182,1182,743,13-Sep-21,22952480,$740.21 ,$744.78 ,$708.85 ,44452
1183,1183,744.49,14-Sep-21,18524880,$742.57 ,$754.47 ,$736.40 ,44453
1184,1184,755.83,15-Sep-21,15357690,$745 ,$756.86 ,$738.36 ,44454
1185,1185,756.99,16-Sep-21,13923390,$752.83 ,$758.91 ,$747.61 ,44455
1186,1186,759.49,17-Sep-21,28204180,$757.15 ,$761.04 ,$750 ,44456
1187,1187,730.17,20-Sep-21,24757650,$734.56 ,$742 ,$718.62 ,44459
1188,1188,739.38,21-Sep-21,16330720,$734.79 ,$744.74 ,$730.44 ,44460
1189,1189,751.94,22-Sep-21,15126270,$743.53 ,$753.67 ,$739.12 ,44461
1190,1190,753.64,23-Sep-21,11947530,$755 ,$758.20 ,$747.92 ,44462
1191,1191,774.39,24-Sep-21,21373020,$745.89 ,$774.80 ,$744.56 ,44463
1192,1192,791.36,27-Sep-21,28070660,$773.12 ,$799 ,$769.31 ,44466
1193,1193,777.56,28-Sep-21,25381420,$787.20 ,$795.64 ,$766.18 ,44467
1194,1194,781.31,29-Sep-21,20942880,$779.80 ,$793.50 ,$770.68 ,44468
1195,1195,775.48,30-Sep-21,17955960,$781 ,$789.13 ,$775 ,44469
1196,1196,775.22,1-Oct-21,17031410,$778.40 ,$780.78 ,$763.59 ,44470
1197,1197,781.53,4-Oct-21,30483340,$796.50 ,$806.97 ,$776.12 ,44473
1198,1198,780.59,5-Oct-21,18432630,$784.80 ,$797.31 ,$774.20 ,44474
1199,1199,782.75,6-Oct-21,14632770,$776.20 ,$786.66 ,$773.22 ,44475
1200,1200,793.61,7-Oct-21,19195780,$785.46 ,$805 ,$783.38 ,44476
1201,1201,785.49,8-Oct-21,16738600,$796.21 ,$796.38 ,$780.91 ,44477
1202,1202,791.94,11-Oct-21,14200320,$787.65 ,$801.24 ,$785.50 ,44480
1203,1203,805.72,12-Oct-21,22020040,$800.93 ,$812.32 ,$796.57 ,44481
1204,1204,811.08,13-Oct-21,14120080,$810.47 ,$815.41 ,$805.78 ,44482
1205,1205,818.32,14-Oct-21,12247170,$815.49 ,$820.25 ,$813.35 ,44483
1206,1206,843.03,15-Oct-21,18924570,$823.74 ,$843.21 ,$822.35 ,44484
1207,1207,870.11,18-Oct-21,24207240,$851.79 ,$875.26 ,$851.47 ,44487
1208,1208,864.27,19-Oct-21,17381130,$877.53 ,$877.95 ,$862.51 ,44488
1209,1209,865.8,20-Oct-21,14032050,$865.35 ,$869.49 ,$857.38 ,44489
1210,1210,894,21-Oct-21,31481450,$856 ,$900 ,$855.50 ,44490
1211,1211,909.68,22-Oct-21,22880840,$895.50 ,$910 ,$890.96 ,44491
1212,1212,1024.86,25-Oct-21,62852100,$950.53 ,"$1,045.02 ",$944.20 ,44494
1213,1213,1018.43,26-Oct-21,62414970,"$1,024.69 ","$1,094.94 ","$1,001.44 ",44495
1214,1214,1037.86,27-Oct-21,38526460,"$1,039.66 ","$1,070.88 ","$1,030.78 ",44496
1215,1215,1077.04,28-Oct-21,27213170,"$1,068.31 ","$1,081 ","$1,054.20 ",44497
1216,1216,1114,29-Oct-21,29918420,"$1,081.86 ","$1,115.21 ","$1,073.21 ",44498
1217,1217,1208.59,1-Nov-21,56048720,"$1,145 ","$1,209.75 ","$1,118.66 ",44501
1218,1218,1172,2-Nov-21,42737800,"$1,159.36 ","$1,208.59 ","$1,146 ",44502
1219,1219,1213.86,3-Nov-21,34628520,"$1,177.33 ","$1,215.39 ","$1,152.62 ",44503
1220,1220,1229.91,4-Nov-21,25397410,"$1,234.41 ","$1,243.49 ","$1,217 ",44504
1221,1221,1222.09,5-Nov-21,21628810,"$1,228 ","$1,239.87 ","$1,208 ",44505
1222,1222,1162.94,8-Nov-21,33445720,"$1,149.79 ","$1,197 ","$1,133 ",44508
1223,1223,1023.5,9-Nov-21,59105840,"$1,173.60 ","$1,174.50 ","$1,011.52 ",44509
1224,1224,1067.95,10-Nov-21,42802720,"$1,010.41 ","$1,078.10 ",$987.31 ,44510
1225,1225,1063.51,11-Nov-21,22396570,"$1,102.77 ","$1,104.97 ","$1,054.68 ",44511
1226,1226,1033.42,12-Nov-21,25573150,"$1,047.50 ","$1,054.50 ","$1,019.20 ",44512
1227,1227,1013.39,15-Nov-21,34775650,"$1,017.63 ","$1,031.98 ",$978.60 ,44515
1228,1228,1054.73,16-Nov-21,26542360,"$1,003.31 ","$1,057.20 ","$1,002.18 ",44516
1229,1229,1089.01,17-Nov-21,31445370,"$1,063.51 ","$1,119.64 ","$1,055.50 ",44517
1230,1230,1096.38,18-Nov-21,20898930,"$1,106.55 ","$1,112 ","$1,075.02 ",44518
1231,1231,1137.06,19-Nov-21,21642260,"$1,098.87 ","$1,138.72 ","$1,092.70 ",44519
1232,1232,1156.87,22-Nov-21,33072510,"$1,162.33 ","$1,201.95 ","$1,132.43 ",44522
1233,1233,1109.03,23-Nov-21,36171700,"$1,167.51 ","$1,180.50 ","$1,062.70 ",44523
1234,1234,1116,24-Nov-21,22560240,"$1,080.39 ","$1,132.77 ","$1,062 ",44524
1235,1235,1081.92,26-Nov-21,11680890,"$1,099.47 ","$1,108.78 ","$1,081 ",44526
1236,1236,1136.99,29-Nov-21,19464470,"$1,100.99 ","$1,142.67 ","$1,100.19 ",44529
1237,1237,1144.76,30-Nov-21,27092040,"$1,144.37 ","$1,168 ","$1,118 ",44530
1238,1238,1095,1-Dec-21,22934700,"$1,160.70 ","$1,172.84 ","$1,090.76 ",44531
1239,1239,1084.6,2-Dec-21,24371620,"$1,099.06 ","$1,113 ","$1,056.65 ",44532
1240,1240,1014.97,3-Dec-21,30774000,"$1,084.79 ","$1,090.58 ","$1,000.21 ",44533
1241,1241,1009.01,6-Dec-21,27221040,"$1,001.51 ","$1,021.64 ",$950.50 ,44536
1242,1242,1051.75,7-Dec-21,18694860,"$1,044.20 ","$1,057.67 ","$1,026.81 ",44537
1243,1243,1068.96,8-Dec-21,13968790,"$1,052.71 ","$1,072.38 ","$1,033.00 ",44538
1244,1244,1003.8,9-Dec-21,19812830,"$1,060.64 ","$1,062.49 ","$1,002.36 ",44539
1245,1245,1017.03,10-Dec-21,19888120,"$1,008.75 ","$1,020.98 ",$982.53 ,44540
1246,1246,966.41,13-Dec-21,26198500,"$1,001.09 ","$1,005 ",$951.42 ,44543
1247,1247,958.51,14-Dec-21,23602090,$945 ,$966.41 ,$930 ,44544
1248,1248,975.99,15-Dec-21,25056410,$953.21 ,$978.75 ,$928.25 ,44545
1249,1249,926.92,16-Dec-21,27590480,$994.50 ,$994.98 ,$921.85 ,44546
1250,1250,932.57,17-Dec-21,33626750,$914.77 ,$960.66 ,$909.04 ,44547
1251,1251,899.94,20-Dec-21,18826670,$910.70 ,$921.69 ,$893.39 ,44550
1252,1252,938.53,21-Dec-21,23839310,$916.87 ,$939.50 ,$886.12 ,44551
1253,1253,1008.87,22-Dec-21,31211360,$965.66 ,"$1,015.66 ",$957.05 ,44552
1254,1254,1067,23-Dec-21,30904430,"$1,006.80 ","$1,072.98 ",$997.56 ,44553
1255,1255,1093.94,27-Dec-21,23715270,"$1,073.67 ","$1,117 ","$1,070.72 ",44557
1256,1256,1088.47,28-Dec-21,20107970,"$1,109.49 ","$1,119.00 ","$1,078.42 ",44558
1257,1257,1086.19,29-Dec-21,18718020,"$1,098.64 ","$1,104 ","$1,064.14 ",44559
1258,1258,1070.34,30-Dec-21,15680310,"$1,061.33 ","$1,095.55 ","$1,053.15 ",44560
1259,1259,1056.78,31-Dec-21,13515240,"$1,073.44 ","$1,082.00 ","$1,054.59 ",44561
